-- MySQL dump 10.13  Distrib 8.0.35, for Win64 (x86_64)
--
-- Host: localhost    Database: main_login
-- ------------------------------------------------------
-- Server version	8.0.35

/*!40101 SET @OLD_CHARACTER_SET_CLIENT=@@CHARACTER_SET_CLIENT */;
/*!40101 SET @OLD_CHARACTER_SET_RESULTS=@@CHARACTER_SET_RESULTS */;
/*!40101 SET @OLD_COLLATION_CONNECTION=@@COLLATION_CONNECTION */;
/*!50503 SET NAMES utf8mb4 */;
/*!40103 SET @OLD_TIME_ZONE=@@TIME_ZONE */;
/*!40103 SET TIME_ZONE='+00:00' */;
/*!40014 SET @OLD_UNIQUE_CHECKS=@@UNIQUE_CHECKS, UNIQUE_CHECKS=0 */;
/*!40014 SET @OLD_FOREIGN_KEY_CHECKS=@@FOREIGN_KEY_CHECKS, FOREIGN_KEY_CHECKS=0 */;
/*!40101 SET @OLD_SQL_MODE=@@SQL_MODE, SQL_MODE='NO_AUTO_VALUE_ON_ZERO' */;
/*!40111 SET @OLD_SQL_NOTES=@@SQL_NOTES, SQL_NOTES=0 */;

--
-- Table structure for table `auth_group`
--

DROP TABLE IF EXISTS `auth_group`;
/*!40101 SET @saved_cs_client     = @@character_set_client */;
/*!50503 SET character_set_client = utf8mb4 */;
CREATE TABLE `auth_group` (
  `id` int NOT NULL AUTO_INCREMENT,
  `name` varchar(150) NOT NULL,
  PRIMARY KEY (`id`),
  UNIQUE KEY `name` (`name`)
) ENGINE=InnoDB DEFAULT CHARSET=utf8mb4 COLLATE=utf8mb4_0900_ai_ci;
/*!40101 SET character_set_client = @saved_cs_client */;

--
-- Dumping data for table `auth_group`
--

LOCK TABLES `auth_group` WRITE;
/*!40000 ALTER TABLE `auth_group` DISABLE KEYS */;
/*!40000 ALTER TABLE `auth_group` ENABLE KEYS */;
UNLOCK TABLES;

--
-- Table structure for table `auth_group_permissions`
--

DROP TABLE IF EXISTS `auth_group_permissions`;
/*!40101 SET @saved_cs_client     = @@character_set_client */;
/*!50503 SET character_set_client = utf8mb4 */;
CREATE TABLE `auth_group_permissions` (
  `id` bigint NOT NULL AUTO_INCREMENT,
  `group_id` int NOT NULL,
  `permission_id` int NOT NULL,
  PRIMARY KEY (`id`),
  UNIQUE KEY `auth_group_permissions_group_id_permission_id_0cd325b0_uniq` (`group_id`,`permission_id`),
  KEY `auth_group_permissio_permission_id_84c5c92e_fk_auth_perm` (`permission_id`),
  CONSTRAINT `auth_group_permissio_permission_id_84c5c92e_fk_auth_perm` FOREIGN KEY (`permission_id`) REFERENCES `auth_permission` (`id`),
  CONSTRAINT `auth_group_permissions_group_id_b120cbf9_fk_auth_group_id` FOREIGN KEY (`group_id`) REFERENCES `auth_group` (`id`)
) ENGINE=InnoDB DEFAULT CHARSET=utf8mb4 COLLATE=utf8mb4_0900_ai_ci;
/*!40101 SET character_set_client = @saved_cs_client */;

--
-- Dumping data for table `auth_group_permissions`
--

LOCK TABLES `auth_group_permissions` WRITE;
/*!40000 ALTER TABLE `auth_group_permissions` DISABLE KEYS */;
/*!40000 ALTER TABLE `auth_group_permissions` ENABLE KEYS */;
UNLOCK TABLES;

--
-- Table structure for table `auth_permission`
--

DROP TABLE IF EXISTS `auth_permission`;
/*!40101 SET @saved_cs_client     = @@character_set_client */;
/*!50503 SET character_set_client = utf8mb4 */;
CREATE TABLE `auth_permission` (
  `id` int NOT NULL AUTO_INCREMENT,
  `name` varchar(255) NOT NULL,
  `content_type_id` int NOT NULL,
  `codename` varchar(100) NOT NULL,
  PRIMARY KEY (`id`),
  UNIQUE KEY `auth_permission_content_type_id_codename_01ab375a_uniq` (`content_type_id`,`codename`),
  CONSTRAINT `auth_permission_content_type_id_2f476e4b_fk_django_co` FOREIGN KEY (`content_type_id`) REFERENCES `django_content_type` (`id`)
) ENGINE=InnoDB AUTO_INCREMENT=33 DEFAULT CHARSET=utf8mb4 COLLATE=utf8mb4_0900_ai_ci;
/*!40101 SET character_set_client = @saved_cs_client */;

--
-- Dumping data for table `auth_permission`
--

LOCK TABLES `auth_permission` WRITE;
/*!40000 ALTER TABLE `auth_permission` DISABLE KEYS */;
INSERT INTO `auth_permission` VALUES (1,'Can add log entry',1,'add_logentry'),(2,'Can change log entry',1,'change_logentry'),(3,'Can delete log entry',1,'delete_logentry'),(4,'Can view log entry',1,'view_logentry'),(5,'Can add permission',2,'add_permission'),(6,'Can change permission',2,'change_permission'),(7,'Can delete permission',2,'delete_permission'),(8,'Can view permission',2,'view_permission'),(9,'Can add group',3,'add_group'),(10,'Can change group',3,'change_group'),(11,'Can delete group',3,'delete_group'),(12,'Can view group',3,'view_group'),(13,'Can add content type',4,'add_contenttype'),(14,'Can change content type',4,'change_contenttype'),(15,'Can delete content type',4,'delete_contenttype'),(16,'Can view content type',4,'view_contenttype'),(17,'Can add session',5,'add_session'),(18,'Can change session',5,'change_session'),(19,'Can delete session',5,'delete_session'),(20,'Can view session',5,'view_session'),(21,'Can add app user',6,'add_appuser'),(22,'Can change app user',6,'change_appuser'),(23,'Can delete app user',6,'delete_appuser'),(24,'Can view app user',6,'view_appuser'),(25,'Can add nodes_ table',7,'add_nodes_table'),(26,'Can change nodes_ table',7,'change_nodes_table'),(27,'Can delete nodes_ table',7,'delete_nodes_table'),(28,'Can view nodes_ table',7,'view_nodes_table'),(29,'Can add ports_ table',8,'add_ports_table'),(30,'Can change ports_ table',8,'change_ports_table'),(31,'Can delete ports_ table',8,'delete_ports_table'),(32,'Can view ports_ table',8,'view_ports_table');
/*!40000 ALTER TABLE `auth_permission` ENABLE KEYS */;
UNLOCK TABLES;

--
-- Table structure for table `django_admin_log`
--

DROP TABLE IF EXISTS `django_admin_log`;
/*!40101 SET @saved_cs_client     = @@character_set_client */;
/*!50503 SET character_set_client = utf8mb4 */;
CREATE TABLE `django_admin_log` (
  `id` int NOT NULL AUTO_INCREMENT,
  `action_time` datetime(6) NOT NULL,
  `object_id` longtext,
  `object_repr` varchar(200) NOT NULL,
  `action_flag` smallint unsigned NOT NULL,
  `change_message` longtext NOT NULL,
  `content_type_id` int DEFAULT NULL,
  `user_id` int NOT NULL,
  PRIMARY KEY (`id`),
  KEY `django_admin_log_content_type_id_c4bce8eb_fk_django_co` (`content_type_id`),
  KEY `django_admin_log_user_id_c564eba6_fk_mainApp_appuser_user_id` (`user_id`),
  CONSTRAINT `django_admin_log_content_type_id_c4bce8eb_fk_django_co` FOREIGN KEY (`content_type_id`) REFERENCES `django_content_type` (`id`),
  CONSTRAINT `django_admin_log_user_id_c564eba6_fk_mainApp_appuser_user_id` FOREIGN KEY (`user_id`) REFERENCES `mainapp_appuser` (`user_id`),
  CONSTRAINT `django_admin_log_chk_1` CHECK ((`action_flag` >= 0))
) ENGINE=InnoDB DEFAULT CHARSET=utf8mb4 COLLATE=utf8mb4_0900_ai_ci;
/*!40101 SET character_set_client = @saved_cs_client */;

--
-- Dumping data for table `django_admin_log`
--

LOCK TABLES `django_admin_log` WRITE;
/*!40000 ALTER TABLE `django_admin_log` DISABLE KEYS */;
/*!40000 ALTER TABLE `django_admin_log` ENABLE KEYS */;
UNLOCK TABLES;

--
-- Table structure for table `django_content_type`
--

DROP TABLE IF EXISTS `django_content_type`;
/*!40101 SET @saved_cs_client     = @@character_set_client */;
/*!50503 SET character_set_client = utf8mb4 */;
CREATE TABLE `django_content_type` (
  `id` int NOT NULL AUTO_INCREMENT,
  `app_label` varchar(100) NOT NULL,
  `model` varchar(100) NOT NULL,
  PRIMARY KEY (`id`),
  UNIQUE KEY `django_content_type_app_label_model_76bd3d3b_uniq` (`app_label`,`model`)
) ENGINE=InnoDB AUTO_INCREMENT=9 DEFAULT CHARSET=utf8mb4 COLLATE=utf8mb4_0900_ai_ci;
/*!40101 SET character_set_client = @saved_cs_client */;

--
-- Dumping data for table `django_content_type`
--

LOCK TABLES `django_content_type` WRITE;
/*!40000 ALTER TABLE `django_content_type` DISABLE KEYS */;
INSERT INTO `django_content_type` VALUES (1,'admin','logentry'),(3,'auth','group'),(2,'auth','permission'),(4,'contenttypes','contenttype'),(6,'mainApp','appuser'),(7,'mainApp','nodes_table'),(8,'mainApp','ports_table'),(5,'sessions','session');
/*!40000 ALTER TABLE `django_content_type` ENABLE KEYS */;
UNLOCK TABLES;

--
-- Table structure for table `django_migrations`
--

DROP TABLE IF EXISTS `django_migrations`;
/*!40101 SET @saved_cs_client     = @@character_set_client */;
/*!50503 SET character_set_client = utf8mb4 */;
CREATE TABLE `django_migrations` (
  `id` bigint NOT NULL AUTO_INCREMENT,
  `app` varchar(255) NOT NULL,
  `name` varchar(255) NOT NULL,
  `applied` datetime(6) NOT NULL,
  PRIMARY KEY (`id`)
) ENGINE=InnoDB AUTO_INCREMENT=21 DEFAULT CHARSET=utf8mb4 COLLATE=utf8mb4_0900_ai_ci;
/*!40101 SET character_set_client = @saved_cs_client */;

--
-- Dumping data for table `django_migrations`
--

LOCK TABLES `django_migrations` WRITE;
/*!40000 ALTER TABLE `django_migrations` DISABLE KEYS */;
INSERT INTO `django_migrations` VALUES (1,'contenttypes','0001_initial','2024-01-24 12:25:12.922845'),(2,'contenttypes','0002_remove_content_type_name','2024-01-24 12:25:13.025449'),(3,'auth','0001_initial','2024-01-24 12:25:13.541733'),(4,'auth','0002_alter_permission_name_max_length','2024-01-24 12:25:13.633937'),(5,'auth','0003_alter_user_email_max_length','2024-01-24 12:25:13.646162'),(6,'auth','0004_alter_user_username_opts','2024-01-24 12:25:13.657474'),(7,'auth','0005_alter_user_last_login_null','2024-01-24 12:25:13.668346'),(8,'auth','0006_require_contenttypes_0002','2024-01-24 12:25:13.674418'),(9,'auth','0007_alter_validators_add_error_messages','2024-01-24 12:25:13.686101'),(10,'auth','0008_alter_user_username_max_length','2024-01-24 12:25:13.699080'),(11,'auth','0009_alter_user_last_name_max_length','2024-01-24 12:25:13.710604'),(12,'auth','0010_alter_group_name_max_length','2024-01-24 12:25:13.737249'),(13,'auth','0011_update_proxy_permissions','2024-01-24 12:25:13.750225'),(14,'auth','0012_alter_user_first_name_max_length','2024-01-24 12:25:13.766039'),(15,'mainApp','0001_initial','2024-01-24 12:25:14.240661'),(16,'admin','0001_initial','2024-01-24 12:25:14.447916'),(17,'admin','0002_logentry_remove_auto_add','2024-01-24 12:25:14.461356'),(18,'admin','0003_logentry_add_action_flag_choices','2024-01-24 12:25:14.475094'),(19,'sessions','0001_initial','2024-01-24 12:25:14.531349'),(20,'mainApp','0002_nodes_table_ports_table','2024-01-29 12:42:04.887344');
/*!40000 ALTER TABLE `django_migrations` ENABLE KEYS */;
UNLOCK TABLES;

--
-- Table structure for table `django_session`
--

DROP TABLE IF EXISTS `django_session`;
/*!40101 SET @saved_cs_client     = @@character_set_client */;
/*!50503 SET character_set_client = utf8mb4 */;
CREATE TABLE `django_session` (
  `session_key` varchar(40) NOT NULL,
  `session_data` longtext NOT NULL,
  `expire_date` datetime(6) NOT NULL,
  PRIMARY KEY (`session_key`),
  KEY `django_session_expire_date_a5c62663` (`expire_date`)
) ENGINE=InnoDB DEFAULT CHARSET=utf8mb4 COLLATE=utf8mb4_0900_ai_ci;
/*!40101 SET character_set_client = @saved_cs_client */;

--
-- Dumping data for table `django_session`
--

LOCK TABLES `django_session` WRITE;
/*!40000 ALTER TABLE `django_session` DISABLE KEYS */;
INSERT INTO `django_session` VALUES ('2ma9ttt1vw5d439r0ujpj7jbgigs5nuq','.eJxVjDsOwjAQBe_iGln-x6Gkzxksr3eNA8iW4qRC3J1ESgHtzLz3ZiFuawlbpyXMyK5Msssvg5ieVA-Bj1jvjadW12UGfiT8tJ1PDel1O9u_gxJ72dfGGi0hIiWd0OvsvTeDsEjWiTR4SFaNPgO6rBCN2tGoSUkHkIXMYNjnC-teOD4:1rXg9o:23MK5ES-aoOigu6SAqZw-6rafyly8Af7MThp_t3mE8I','2024-02-21 11:32:00.611376'),('2xqh674zp41dyef89vy19dqezz9g3mg4','.eJxVjMEOgjAQRP-lZ9OUBdri0Tvf0Gx3t4KaNqFwMv67kHDQ22Tem3mrgNs6ha3KEmZWVwXq8ttFpKfkA_AD871oKnld5qgPRZ-06rGwvG6n-3cwYZ32tZgmSiQwCcAMzGSxt50VdEL9QA4SU0rih9ZKs2d02AK2jr31nQWjPl8SBTjF:1rStlj:8fbywSAH1nnmo4g5bYcv2OxZikRTts12f1WncqGQWWo','2024-02-08 07:03:23.081758'),('3he61m7lcykm03ksgiktgmiuzqcfr5q1','.eJxVjDsOwjAQBe_iGln-x6Gkzxksr3eNA8iW4qRC3J1ESgHtzLz3ZiFuawlbpyXMyK5Msssvg5ieVA-Bj1jvjadW12UGfiT8tJ1PDel1O9u_gxJ72dfGGi0hIiWd0OvsvTeDsEjWiTR4SFaNPgO6rBCN2tGoSUkHkIXMYNjnC-teOD4:1rWtG0:RaW6KE_Clx1HcL70KeOTTfvTsi2cVD_RX_dHOxGI4as','2024-02-19 07:19:08.451654'),('3ks32fsedl2mxyjxallgj275bnerkhzv','.eJxVjDsOwjAQBe_iGln-x6Gkzxksr3eNA8iW4qRC3J1ESgHtzLz3ZiFuawlbpyXMyK5Msssvg5ieVA-Bj1jvjadW12UGfiT8tJ1PDel1O9u_gxJ72dfGGi0hIiWd0OvsvTeDsEjWiTR4SFaNPgO6rBCN2tGoSUkHkIXMYNjnC-teOD4:1rVTZf:eg-erVCw5uQDUDxjk6B3e_FHJ_DcfHKk2A571UZuqBU','2024-02-15 09:41:35.894177'),('3kw18k9nvyq4idh5nxvx5dnyexz4tv6r','.eJxVjEEOgjAQRe_StWmkDDOtS_ecgUxnWosaSCisjHdXEha6_e-9_zIDb2sZtpqWYVRzMY05_W6R5ZGmHeidp9tsZZ7WZYx2V-xBq-1nTc_r4f4dFK7lWxPGljBj4E49BhFl9OABQm6dKOUcvCOUIAAEUeGcAnCXG5c7JBLz_gDdDzes:1rZVPp:rrfEeP8lfxNKZDKLTDCOZXBMJPZzn_I9nf4wqW2FqT8','2024-02-26 12:28:05.412309'),('3q77i1t367ve7pubeiwz74jsn3gpjn0t','.eJxVjDsOwjAQBe_iGln-x6Gkzxksr3eNA8iW4qRC3J1ESgHtzLz3ZiFuawlbpyXMyK5Msssvg5ieVA-Bj1jvjadW12UGfiT8tJ1PDel1O9u_gxJ72dfGGi0hIiWd0OvsvTeDsEjWiTR4SFaNPgO6rBCN2tGoSUkHkIXMYNjnC-teOD4:1rVUpg:M1QKUlPyw5FG-CxdDHs4d6Zj-jYkxYnGE5N4xyhhJBg','2024-02-15 11:02:12.385316'),('3xw09ygyeqj5q0dqvblny6hmct7sjsb4','.eJxVjEEOgjAQRe_StWmkDDOtS_ecgUxnWosaSCisjHdXEha6_e-9_zIDb2sZtpqWYVRzMY05_W6R5ZGmHeidp9tsZZ7WZYx2V-xBq-1nTc_r4f4dFK7lWxPGljBj4E49BhFl9OABQm6dKOUcvCOUIAAEUeGcAnCXG5c7JBLz_gDdDzes:1rZQ7t:nHZwbYnVmjlZ5sUsx7iV7Mvau4r0GgjmA-NTHNYjdIc','2024-02-26 06:49:13.524926'),('42uvt3zdl1xsz50x2ootklpqixz6kloi','.eJxVjEEOgjAQRe_StWmkDDOtS_ecgUxnWosaSCisjHdXEha6_e-9_zIDb2sZtpqWYVRzMY05_W6R5ZGmHeidp9tsZZ7WZYx2V-xBq-1nTc_r4f4dFK7lWxPGljBj4E49BhFl9OABQm6dKOUcvCOUIAAEUeGcAnCXG5c7JBLz_gDdDzes:1rYOIJ:H4dUqg_Kn0FJ0RQT6tfynJKu4Niq2zX5zG1G3ImEssM','2024-02-23 10:39:43.794471'),('49kaj8rqt7t6t9qt6aunvjvfqodmkg1t','.eJxVjDsOwjAQBe_iGln-x6Gkzxksr3eNA8iW4qRC3J1ESgHtzLz3ZiFuawlbpyXMyK5Msssvg5ieVA-Bj1jvjadW12UGfiT8tJ1PDel1O9u_gxJ72dfGGi0hIiWd0OvsvTeDsEjWiTR4SFaNPgO6rBCN2tGoSUkHkIXMYNjnC-teOD4:1rXg5c:pohiQquLSnhuo9poh_tM7n7eSYr7NBW2ZhBROvHaKxU','2024-02-21 11:27:40.710402'),('4jehvn13s3aqyv9jstbwb4d0mqr642oi','.eJxVjEEOgjAQRe_StWmkDDOtS_ecgUxnWosaSCisjHdXEha6_e-9_zIDb2sZtpqWYVRzMY05_W6R5ZGmHeidp9tsZZ7WZYx2V-xBq-1nTc_r4f4dFK7lWxPGljBj4E49BhFl9OABQm6dKOUcvCOUIAAEUeGcAnCXG5c7JBLz_gDdDzes:1rd192:foECVbObJCyG8rAk4ExsSStPR9Stc-yaL89qaq6HfEA','2024-03-07 04:57:16.000078'),('4x8sovw8h3nupctblnwtjpfrdcpxxc5l','.eJxVjDsOwjAQBe_iGln-x6Gkzxksr3eNA8iW4qRC3J1ESgHtzLz3ZiFuawlbpyXMyK5Msssvg5ieVA-Bj1jvjadW12UGfiT8tJ1PDel1O9u_gxJ72dfGGi0hIiWd0OvsvTeDsEjWiTR4SFaNPgO6rBCN2tGoSUkHkIXMYNjnC-teOD4:1rVTcW:zAwpYRaS2BeK9L0WGsPuf6igAq6kTiHBc8-FbtUaOGM','2024-02-15 09:44:32.273928'),('52ppog5a41flukhjs6lv6uf6olan1zdh','.eJxVjDsOwjAQBe_iGln-x6Gkzxksr3eNA8iW4qRC3J1ESgHtzLz3ZiFuawlbpyXMyK5Msssvg5ieVA-Bj1jvjadW12UGfiT8tJ1PDel1O9u_gxJ72dfGGi0hIiWd0OvsvTeDsEjWiTR4SFaNPgO6rBCN2tGoSUkHkIXMYNjnC-teOD4:1rXfQs:3WCB2UXkvxKyj-7XWqZCK07awdaNfsj3ndPnCGAxjMw','2024-02-21 10:45:34.605451'),('53f3im5ponidv4zi39wvyiu2xywncneh','.eJxVjDsOwjAQBe_iGln-x6Gkzxksr3eNA8iW4qRC3J1ESgHtzLz3ZiFuawlbpyXMyK5Msssvg5ieVA-Bj1jvjadW12UGfiT8tJ1PDel1O9u_gxJ72dfGGi0hIiWd0OvsvTeDsEjWiTR4SFaNPgO6rBCN2tGoSUkHkIXMYNjnC-teOD4:1rXfxc:TNezKIXGusOPkm1QFvTeUo5zX1TOsF7ukBActPkZsDw','2024-02-21 11:19:24.703808'),('57p5ln2f39pfyynxq1cbvyyxkzklk4kt','.eJxVjDsOwjAQBe_iGln-x6Gkzxksr3eNA8iW4qRC3J1ESgHtzLz3ZiFuawlbpyXMyK5Msssvg5ieVA-Bj1jvjadW12UGfiT8tJ1PDel1O9u_gxJ72dfGGi0hIiWd0OvsvTeDsEjWiTR4SFaNPgO6rBCN2tGoSUkHkIXMYNjnC-teOD4:1rVYkV:aLyL-j8YLKQKXPUe2Jw_rEF-FDN6XkHUFA3FPb9_LQo','2024-02-15 15:13:07.365062'),('5na5oceh5z55d6ljzta8rms7wmqakl15','.eJxVjDsOwjAQBe_iGln-x6Gkzxksr3eNA8iW4qRC3J1ESgHtzLz3ZiFuawlbpyXMyK5Msssvg5ieVA-Bj1jvjadW12UGfiT8tJ1PDel1O9u_gxJ72dfGGi0hIiWd0OvsvTeDsEjWiTR4SFaNPgO6rBCN2tGoSUkHkIXMYNjnC-teOD4:1rWrrK:yWE15l3fFTbL3iLuGKGERZeB8msj1mGDj3Yu2miOKk8','2024-02-19 05:49:34.230570'),('6jw72dh3poaxtga9uhz8vix43pd2bpol','.eJxVjDsOwjAQBe_iGln-x6Gkzxksr3eNA8iW4qRC3J1ESgHtzLz3ZiFuawlbpyXMyK5Msssvg5ieVA-Bj1jvjadW12UGfiT8tJ1PDel1O9u_gxJ72dfGGi0hIiWd0OvsvTeDsEjWiTR4SFaNPgO6rBCN2tGoSUkHkIXMYNjnC-teOD4:1rXgPS:z55OiM4LaUtnbMu6uutwy2l2l2-DVsoVgFt_ESsrWxs','2024-02-21 11:48:10.688587'),('6klanbr54ehluacgjsztswlc2fuuj1hy','.eJxVjEEOgjAQRe_StWmkDDOtS_ecgUxnWosaSCisjHdXEha6_e-9_zIDb2sZtpqWYVRzMY05_W6R5ZGmHeidp9tsZZ7WZYx2V-xBq-1nTc_r4f4dFK7lWxPGljBj4E49BhFl9OABQm6dKOUcvCOUIAAEUeGcAnCXG5c7JBLz_gDdDzes:1rZPbC:PO4k1bIlV39r2128fgRHBs4618iMnwGWOxqNvZnHKxQ','2024-02-26 06:15:26.767834'),('6qavoh9cvceokshy5s75a7txcwojny8x','.eJxVjDsOwjAQBe_iGln-x6Gkzxksr3eNA8iW4qRC3J1ESgHtzLz3ZiFuawlbpyXMyK5Msssvg5ieVA-Bj1jvjadW12UGfiT8tJ1PDel1O9u_gxJ72dfGGi0hIiWd0OvsvTeDsEjWiTR4SFaNPgO6rBCN2tGoSUkHkIXMYNjnC-teOD4:1rVZ7W:RJA4SwW743t0-rSk-loda5IJmh97h4gBHlhWYrsY0R8','2024-02-15 15:36:54.013762'),('7fdn195ov0lhewclyyze1vhggzh7jyss','.eJxVjDkOwjAUBe_iGlkxsb9tSvqcIfqbcQAlUpYKcXeIlALaNzPvZXrc1tpvi879IOZinDn9boT80HEHcsfxNlmexnUeyO6KPehiu0n0eT3cv4OKS_3WjYPUQNEQOMaSzygcGUJJBNFL25IDEioxo3qfQTS3hVkzlAiYPJv3B-phOI0:1rUSx4:4RlNuTWXM8a0T_yupb19qDJeg4vr-QOCCga95vqiGFo','2024-02-12 14:49:34.608096'),('7gvgboi6d2511stotewl1g6umw2ftgql','.eJxVjDsOwjAQBe_iGln-x6Gkzxksr3eNA8iW4qRC3J1ESgHtzLz3ZiFuawlbpyXMyK5Msssvg5ieVA-Bj1jvjadW12UGfiT8tJ1PDel1O9u_gxJ72dfGGi0hIiWd0OvsvTeDsEjWiTR4SFaNPgO6rBCN2tGoSUkHkIXMYNjnC-teOD4:1rXe81:PgZzRKrklsL4_29MspSCmsHLbyQd-kW5Q4I1KQSJIjc','2024-02-21 09:22:01.816325'),('7m0lq1p2lisrdq01ccc407z0u58d9l0i','.eJxVjEEOgjAQRe_StWmkDDOtS_ecgUxnWosaSCisjHdXEha6_e-9_zIDb2sZtpqWYVRzMY05_W6R5ZGmHeidp9tsZZ7WZYx2V-xBq-1nTc_r4f4dFK7lWxPGljBj4E49BhFl9OABQm6dKOUcvCOUIAAEUeGcAnCXG5c7JBLz_gDdDzes:1rcgKi:ED4FT3cj3k08_3dbhNRyTi-HrHH2uY9jXM_UnQ3kL3o','2024-03-06 06:43:56.108355'),('7rx9kssyoamb4l6w1vmbxoela9eto450','.eJxVjDsOwyAQBe9CHSHA_Jwyvc-AdhcITiKQjF1FuXtsyUXSvpl5bxZgW0vYelrCHNmVSXb53RDomeoB4gPqvXFqdV1m5IfCT9r51GJ63U7376BAL3udKTqL5LQanfLWGumUzMrgkO3oBuETgo1aGG2U9wSYFewBCkxk0Fv2-QLOTzet:1rYMQu:0I4T9QPAAN5uud8HaAastmhkvBQ7hAY2yB_Fxy16Lj0','2024-02-23 08:40:28.307808'),('7wh0zrpauyehnrnplb3rlsysvtmixf3h','.eJxVjEEOgjAQRe_StWmkDDOtS_ecgUxnWosaSCisjHdXEha6_e-9_zIDb2sZtpqWYVRzMY05_W6R5ZGmHeidp9tsZZ7WZYx2V-xBq-1nTc_r4f4dFK7lWxPGljBj4E49BhFl9OABQm6dKOUcvCOUIAAEUeGcAnCXG5c7JBLz_gDdDzes:1rYOd7:IrOdBoBe4SPWkP9q03mtOMwjzzQYP6OHxK2NdYW400s','2024-02-23 11:01:13.828671'),('7ydi2sgx6mmmcpkl0pkdto02n9hyeggc','.eJxVjDsOwjAQBe_iGln-x6Gkzxksr3eNA8iW4qRC3J1ESgHtzLz3ZiFuawlbpyXMyK5Msssvg5ieVA-Bj1jvjadW12UGfiT8tJ1PDel1O9u_gxJ72dfGGi0hIiWd0OvsvTeDsEjWiTR4SFaNPgO6rBCN2tGoSUkHkIXMYNjnC-teOD4:1rWvLQ:bUhlJuNWKFYZlObr8oSqJk-frU0iaHdjy8rk8YBn9JM','2024-02-19 09:32:52.784706'),('8jj4yv3hfy78bvqjmfojhis4tvbkz3uq','.eJxVjDsOwjAQBe_iGln-x6Gkzxksr3eNA8iW4qRC3J1ESgHtzLz3ZiFuawlbpyXMyK5Msssvg5ieVA-Bj1jvjadW12UGfiT8tJ1PDel1O9u_gxJ72dfGGi0hIiWd0OvsvTeDsEjWiTR4SFaNPgO6rBCN2tGoSUkHkIXMYNjnC-teOD4:1rVZ8Q:jsu5iQzdPp35l_683OgeE-hSqAJpDOFZyq634Q3W1pc','2024-02-15 15:37:50.660413'),('8viadociwmov4w3hc0lhoolzre1b82p1','.eJxVjDsOwjAQBe_iGln-x6Gkzxksr3eNA8iW4qRC3J1ESgHtzLz3ZiFuawlbpyXMyK5Msssvg5ieVA-Bj1jvjadW12UGfiT8tJ1PDel1O9u_gxJ72dfGGi0hIiWd0OvsvTeDsEjWiTR4SFaNPgO6rBCN2tGoSUkHkIXMYNjnC-teOD4:1rXEaQ:wJMneIzJL6KHnOaEXx77mhmFgB2W45nheUSS3UetonU','2024-02-20 06:05:38.826071'),('9edww0jiq6bfdi4mn38th8i69lmhhy1b','.eJxVjEEOgjAQRe_StWmkDDOtS_ecgUxnWosaSCisjHdXEha6_e-9_zIDb2sZtpqWYVRzMY05_W6R5ZGmHeidp9tsZZ7WZYx2V-xBq-1nTc_r4f4dFK7lWxPGljBj4E49BhFl9OABQm6dKOUcvCOUIAAEUeGcAnCXG5c7JBLz_gDdDzes:1rchk3:P-o0ugtHEEsqRkysYlfWQNqJyDyqkH9YDE57P6coKTQ','2024-03-06 08:14:11.050401'),('9esc4zv952wvoblp0waof0680u09nf7e','.eJxVjDsOwjAQBe_iGln-x6Gkzxksr3eNA8iW4qRC3J1ESgHtzLz3ZiFuawlbpyXMyK5Msssvg5ieVA-Bj1jvjadW12UGfiT8tJ1PDel1O9u_gxJ72dfGGi0hIiWd0OvsvTeDsEjWiTR4SFaNPgO6rBCN2tGoSUkHkIXMYNjnC-teOD4:1rXKGe:vifRT82Eb__hE4029H5zOjxbTXGqVHPAs-cVnxnDLc0','2024-02-20 12:09:36.111266'),('9iqytjqj86dgnwxry5ze6ti17t8rnarl','.eJxVjDsOwjAQBe_iGln-x6Gkzxksr3eNA8iW4qRC3J1ESgHtzLz3ZiFuawlbpyXMyK5Msssvg5ieVA-Bj1jvjadW12UGfiT8tJ1PDel1O9u_gxJ72dfGGi0hIiWd0OvsvTeDsEjWiTR4SFaNPgO6rBCN2tGoSUkHkIXMYNjnC-teOD4:1rWtF5:c2vQFMV4RZsPVxLlg5c659gXSSh4FCcL2I7OnKCrNMM','2024-02-19 07:18:11.434464'),('9mcs7wua11n96vxypvpkugnsb7y5317c','.eJxVjDsOwjAQBe_iGln-x6Gkzxksr3eNA8iW4qRC3J1ESgHtzLz3ZiFuawlbpyXMyK5Msssvg5ieVA-Bj1jvjadW12UGfiT8tJ1PDel1O9u_gxJ72dfGGi0hIiWd0OvsvTeDsEjWiTR4SFaNPgO6rBCN2tGoSUkHkIXMYNjnC-teOD4:1rVYb7:O0euK8X2WjtFJ9AkT2YHE1WXs8lBzqWdj9NqjTQoFpA','2024-02-15 15:03:25.684094'),('a015enc1d5hhas4bqjvcqrp5mvylwf2a','.eJxVjDsOwjAQBe_iGln-x6Gkzxksr3eNA8iW4qRC3J1ESgHtzLz3ZiFuawlbpyXMyK5Msssvg5ieVA-Bj1jvjadW12UGfiT8tJ1PDel1O9u_gxJ72dfGGi0hIiWd0OvsvTeDsEjWiTR4SFaNPgO6rBCN2tGoSUkHkIXMYNjnC-teOD4:1rVYoE:gesRLmdzoV4rGhSmrEmVDMJQSuJG4Ky8qiw7fJH5kdw','2024-02-15 15:16:58.390312'),('a8qkg6nyixxfa7bl4oph83rlq62yp95w','.eJxVjEEOgjAQRe_StWmkDDOtS_ecgUxnWosaSCisjHdXEha6_e-9_zIDb2sZtpqWYVRzMY05_W6R5ZGmHeidp9tsZZ7WZYx2V-xBq-1nTc_r4f4dFK7lWxPGljBj4E49BhFl9OABQm6dKOUcvCOUIAAEUeGcAnCXG5c7JBLz_gDdDzes:1rZQ7I:L3EKRns-nww_dqQXV76RHJZGe1PTsdfzy3bBEVq1ZJA','2024-02-26 06:48:36.877752'),('akljbzsq66zr6op97cqzifles6cbrp4u','.eJxVjDsOwyAQBe9CHSHA_Jwyvc-AdhcITiKQjF1FuXtsyUXSvpl5bxZgW0vYelrCHNmVSXb53RDomeoB4gPqvXFqdV1m5IfCT9r51GJ63U7376BAL3udKTqL5LQanfLWGumUzMrgkO3oBuETgo1aGG2U9wSYFewBCkxk0Fv2-QLOTzet:1rXhRI:6HaOuQdkqfsEWnFhunG0wkwuAmkLWJ7JdWsdX93HZpM','2024-02-21 12:54:08.007520'),('axpvxl9n80ohn9njd3tf3p4dtp8sjyvi','.eJxVjDsOwjAQBe_iGln-x6Gkzxksr3eNA8iW4qRC3J1ESgHtzLz3ZiFuawlbpyXMyK5Msssvg5ieVA-Bj1jvjadW12UGfiT8tJ1PDel1O9u_gxJ72dfGGi0hIiWd0OvsvTeDsEjWiTR4SFaNPgO6rBCN2tGoSUkHkIXMYNjnC-teOD4:1rWvNs:RvGxSPXvxNDQQ9KKUglhklH5duFIpSOMWKJI9lX4xo4','2024-02-19 09:35:24.459342'),('b3tjvhe3f0mw4w9gitqk2id6id4shi79','.eJxVjDsOwjAQBe_iGln-x6Gkzxksr3eNA8iW4qRC3J1ESgHtzLz3ZiFuawlbpyXMyK5Msssvg5ieVA-Bj1jvjadW12UGfiT8tJ1PDel1O9u_gxJ72dfGGi0hIiWd0OvsvTeDsEjWiTR4SFaNPgO6rBCN2tGoSUkHkIXMYNjnC-teOD4:1rXffU:0wbQqatTEGcv70-uHHR5JQhgL3NVHk-xGbYJtOnWyTw','2024-02-21 11:00:40.574783'),('bfrq0qih1jqlh2a1ekxtfh0wx59eb2j4','.eJxVjDsOwjAQBe_iGln-x6Gkzxksr3eNA8iW4qRC3J1ESgHtzLz3ZiFuawlbpyXMyK5Msssvg5ieVA-Bj1jvjadW12UGfiT8tJ1PDel1O9u_gxJ72dfGGi0hIiWd0OvsvTeDsEjWiTR4SFaNPgO6rBCN2tGoSUkHkIXMYNjnC-teOD4:1rVTYi:htZaGur7IwW_a1rcgN4TOjniyxbWgAUhGsLEufv09L8','2024-02-15 09:40:36.923325'),('bvhpzcd6cdnznsftlonx6qrfjfb28gid','.eJxVjEEOgjAQRe_StWmkDDOtS_ecgUxnWosaSCisjHdXEha6_e-9_zIDb2sZtpqWYVRzMY05_W6R5ZGmHeidp9tsZZ7WZYx2V-xBq-1nTc_r4f4dFK7lWxPGljBj4E49BhFl9OABQm6dKOUcvCOUIAAEUeGcAnCXG5c7JBLz_gDdDzes:1rch7Z:JYOG0axbFVgIbXMZ9Eb4fx1MU8kegjwQVEdlfG1UOxs','2024-03-06 07:34:25.902592'),('byuqr160aid3iv37dbba6ae45y4e9frx','.eJxVjDsOwjAQBe_iGln-x6Gkzxksr3eNA8iW4qRC3J1ESgHtzLz3ZiFuawlbpyXMyK5Msssvg5ieVA-Bj1jvjadW12UGfiT8tJ1PDel1O9u_gxJ72dfGGi0hIiWd0OvsvTeDsEjWiTR4SFaNPgO6rBCN2tGoSUkHkIXMYNjnC-teOD4:1rXfaT:z_2yEDF4rihJ8t_aI0hqOQzjaipMF8JsoZABuv3dZwA','2024-02-21 10:55:29.605591'),('bzebsu54r18f4v9htja64y2074stvnu1','.eJxVjEEOgjAQRe_StWmkDDOtS_ecgUxnWosaSCisjHdXEha6_e-9_zIDb2sZtpqWYVRzMY05_W6R5ZGmHeidp9tsZZ7WZYx2V-xBq-1nTc_r4f4dFK7lWxPGljBj4E49BhFl9OABQm6dKOUcvCOUIAAEUeGcAnCXG5c7JBLz_gDdDzes:1rchA8:LQLooSTQ78A3TxbnYkn4cbsqD4uLLTbNHoYS02TC3qE','2024-03-06 07:37:04.407414'),('c3wh7pjfi6iv5tjnxh3o6a9rvegw1sdy','.eJxVjEEOgjAQRe_StWmkDDOtS_ecgUxnWosaSCisjHdXEha6_e-9_zIDb2sZtpqWYVRzMY05_W6R5ZGmHeidp9tsZZ7WZYx2V-xBq-1nTc_r4f4dFK7lWxPGljBj4E49BhFl9OABQm6dKOUcvCOUIAAEUeGcAnCXG5c7JBLz_gDdDzes:1rYORK:62oaeHa1qfwxOVSl4FkZRuF-QYSPOFxXowrUDV2tiAw','2024-02-23 10:49:02.079793'),('cmn9e3p8ejjimjynngtv1jy3ofdg27sq','.eJxVjDsOwyAQBe9CHSHA_Jwyvc-AdhcITiKQjF1FuXtsyUXSvpl5bxZgW0vYelrCHNmVSXb53RDomeoB4gPqvXFqdV1m5IfCT9r51GJ63U7376BAL3udKTqL5LQanfLWGumUzMrgkO3oBuETgo1aGG2U9wSYFewBCkxk0Fv2-QLOTzet:1rYNfp:6ENpCKwZNQP31HlJ7O8XLfASZo7IerV2pLniLLta0ys','2024-02-23 09:59:57.596144'),('cwgm9og4xp5df4qut5andvbuiboioq7v','.eJxVjDsOwjAQBe_iGln-x6Gkzxksr3eNA8iW4qRC3J1ESgHtzLz3ZiFuawlbpyXMyK5Msssvg5ieVA-Bj1jvjadW12UGfiT8tJ1PDel1O9u_gxJ72dfGGi0hIiWd0OvsvTeDsEjWiTR4SFaNPgO6rBCN2tGoSUkHkIXMYNjnC-teOD4:1rVUsR:OLnI8LtZyks65Tx8k3VNiJQD0IPgrsNI9Js6Ztz13s4','2024-02-15 11:05:03.789345'),('d28z56am1fg5tjihf2o9a80rvuilebqg','.eJxVjDsOwyAQBe9CHSHA_Jwyvc-AdhcITiKQjF1FuXtsyUXSvpl5bxZgW0vYelrCHNmVSXb53RDomeoB4gPqvXFqdV1m5IfCT9r51GJ63U7376BAL3udKTqL5LQanfLWGumUzMrgkO3oBuETgo1aGG2U9wSYFewBCkxk0Fv2-QLOTzet:1rYMJ6:Je-R7xMxr7OR5x_0OyxsjIa3zDkax4RRqiw3Sj5h1og','2024-02-23 08:32:24.504701'),('d5ef3t2xrsyhgk4a7ux4heb7u5zu4rkf','.eJxVjDsOwjAQBe_iGln-x6Gkzxksr3eNA8iW4qRC3J1ESgHtzLz3ZiFuawlbpyXMyK5Msssvg5ieVA-Bj1jvjadW12UGfiT8tJ1PDel1O9u_gxJ72dfGGi0hIiWd0OvsvTeDsEjWiTR4SFaNPgO6rBCN2tGoSUkHkIXMYNjnC-teOD4:1rVTbE:3UWsguqlSypK10OITC8G2Bv8zuXa4352BqtYlU_vax8','2024-02-15 09:43:12.045146'),('dq942b55jjroc2t5g11vv9sjennm57v0','.eJxVjDsOwjAQBe_iGln-x6Gkzxksr3eNA8iW4qRC3J1ESgHtzLz3ZiFuawlbpyXMyK5Msssvg5ieVA-Bj1jvjadW12UGfiT8tJ1PDel1O9u_gxJ72dfGGi0hIiWd0OvsvTeDsEjWiTR4SFaNPgO6rBCN2tGoSUkHkIXMYNjnC-teOD4:1rXg9M:wKQJelqxgqTh1HryTAWmhWZ26KMzPiL8iACuFa9YCkE','2024-02-21 11:31:32.668345'),('e0ebgqn16mkgu1yku9h6j78ew4e6xi0g','.eJxVjDsOwjAQBe_iGln-x6Gkzxksr3eNA8iW4qRC3J1ESgHtzLz3ZiFuawlbpyXMyK5Msssvg5ieVA-Bj1jvjadW12UGfiT8tJ1PDel1O9u_gxJ72dfGGi0hIiWd0OvsvTeDsEjWiTR4SFaNPgO6rBCN2tGoSUkHkIXMYNjnC-teOD4:1rVSYq:koNHmLV51Q6D9zMCsgBde-uWo6pE0aaes8svVBgXEuo','2024-02-15 08:36:40.674920'),('e2tfhjubxvyk190txx610xbgwzwpra9d','.eJxVjDsOwyAQBe9CHSHA_Jwyvc-AdhcITiKQjF1FuXtsyUXSvpl5bxZgW0vYelrCHNmVSXb53RDomeoB4gPqvXFqdV1m5IfCT9r51GJ63U7376BAL3udKTqL5LQanfLWGumUzMrgkO3oBuETgo1aGG2U9wSYFewBCkxk0Fv2-QLOTzet:1rYNes:p1Ce7xfsBZVsQ6taDUyhQGJGdlMmSi2qqB1qdQLkznE','2024-02-23 09:58:58.589546'),('e8qjlckp960e03wjy03rou3bl3cbz4zu','.eJxVjEEOgjAQRe_StWmkDDOtS_ecgUxnWosaSCisjHdXEha6_e-9_zIDb2sZtpqWYVRzMY05_W6R5ZGmHeidp9tsZZ7WZYx2V-xBq-1nTc_r4f4dFK7lWxPGljBj4E49BhFl9OABQm6dKOUcvCOUIAAEUeGcAnCXG5c7JBLz_gDdDzes:1rchr8:gDyR8ZUlj2PLi3QwDvTl24haiILUf9nvdbIkT37VWcw','2024-03-06 08:21:30.653795'),('egbrgctp0accqsi5nwrak689quqykmmv','.eJxVjDsOwjAQBe_iGln-x6Gkzxksr3eNA8iW4qRC3J1ESgHtzLz3ZiFuawlbpyXMyK5Msssvg5ieVA-Bj1jvjadW12UGfiT8tJ1PDel1O9u_gxJ72dfGGi0hIiWd0OvsvTeDsEjWiTR4SFaNPgO6rBCN2tGoSUkHkIXMYNjnC-teOD4:1rWtBe:9KV0pmU5BKMOLH1ELs1Hgq6jGjVbvPz6wpBfmlwMHLE','2024-02-19 07:14:38.968127'),('esmf4bp7hqhrutyovikdx95rhy71hxcb','.eJxVjDsOwjAQBe_iGln-x6Gkzxksr3eNA8iW4qRC3J1ESgHtzLz3ZiFuawlbpyXMyK5Msssvg5ieVA-Bj1jvjadW12UGfiT8tJ1PDel1O9u_gxJ72dfGGi0hIiWd0OvsvTeDsEjWiTR4SFaNPgO6rBCN2tGoSUkHkIXMYNjnC-teOD4:1rXggh:tYIdbQmWIKEzZg93MGCGKfwxhKg4jTTZ6vqvjudgYo0','2024-02-21 12:05:59.409175'),('eug3ysmewf1u9fto5hgu06vbqdeguqei','.eJxVjDsOwjAQBe_iGln-x6Gkzxksr3eNA8iW4qRC3J1ESgHtzLz3ZiFuawlbpyXMyK5Msssvg5ieVA-Bj1jvjadW12UGfiT8tJ1PDel1O9u_gxJ72dfGGi0hIiWd0OvsvTeDsEjWiTR4SFaNPgO6rBCN2tGoSUkHkIXMYNjnC-teOD4:1rUhrz:8KQwdHTQFhNf7Wg21kk2l1djLJxSyXNJ1Y0Z8PTRCV8','2024-02-13 06:45:19.977552'),('exfh1svmlbt9jtte7n12jodwqsa123ns','.eJxVjDsOwjAQBe_iGln-x6Gkzxksr3eNA8iW4qRC3J1ESgHtzLz3ZiFuawlbpyXMyK5Msssvg5ieVA-Bj1jvjadW12UGfiT8tJ1PDel1O9u_gxJ72dfGGi0hIiWd0OvsvTeDsEjWiTR4SFaNPgO6rBCN2tGoSUkHkIXMYNjnC-teOD4:1rXfua:Yv9QcThYQCsvj2PYfLTEeIoJ10qqSAqrfdApyDhKXYo','2024-02-21 11:16:16.241910'),('ey43czvf7karc503eijishew1911q8g6','.eJxVjDsOwjAQBe_iGln-x6Gkzxksr3eNA8iW4qRC3J1ESgHtzLz3ZiFuawlbpyXMyK5Msssvg5ieVA-Bj1jvjadW12UGfiT8tJ1PDel1O9u_gxJ72dfGGi0hIiWd0OvsvTeDsEjWiTR4SFaNPgO6rBCN2tGoSUkHkIXMYNjnC-teOD4:1rXgFN:QPGrBVJmQaqGr0TLuP2HdKB3ajNxfVG5LwleRqN76Ec','2024-02-21 11:37:45.115650'),('ezimx7zrur7rrzzxcq1k9e06sf2t4t8a','.eJxVjDsOwjAQBe_iGln-x6Gkzxksr3eNA8iW4qRC3J1ESgHtzLz3ZiFuawlbpyXMyK5Msssvg5ieVA-Bj1jvjadW12UGfiT8tJ1PDel1O9u_gxJ72dfGGi0hIiWd0OvsvTeDsEjWiTR4SFaNPgO6rBCN2tGoSUkHkIXMYNjnC-teOD4:1rVSZg:F0IA6MgEdqC1fPLB9wNgCJR89YIC5T8OVHNbOPGzmEk','2024-02-15 08:37:32.550550'),('f0055qcl9a5xvrmr6fiavnaajhlt32uy','.eJxVjDsOwjAQBe_iGln-x6Gkzxksr3eNA8iW4qRC3J1ESgHtzLz3ZiFuawlbpyXMyK5Msssvg5ieVA-Bj1jvjadW12UGfiT8tJ1PDel1O9u_gxJ72dfGGi0hIiWd0OvsvTeDsEjWiTR4SFaNPgO6rBCN2tGoSUkHkIXMYNjnC-teOD4:1rVSGd:JjmTi1wvfXfnIWiht4OB110FZQHrug9XxQH7a1Eiq8Y','2024-02-15 08:17:51.865227'),('f0abnfnc95p5elnpcjz0hp8xsv8041tj','.eJxVjDsOwjAQBe_iGln-x6Gkzxksr3eNA8iW4qRC3J1ESgHtzLz3ZiFuawlbpyXMyK5Msssvg5ieVA-Bj1jvjadW12UGfiT8tJ1PDel1O9u_gxJ72dfGGi0hIiWd0OvsvTeDsEjWiTR4SFaNPgO6rBCN2tGoSUkHkIXMYNjnC-teOD4:1rXK9y:82XKEw9eRrThkG0hWiIyqbWSjmpRCqPHbOHeE5uMmEA','2024-02-20 12:02:42.091967'),('f1j5uw7el02xtsolh2pdkslgq8z8caom','.eJxVjEEOgjAQRe_StWmkDDOtS_ecgUxnWosaSCisjHdXEha6_e-9_zIDb2sZtpqWYVRzMY05_W6R5ZGmHeidp9tsZZ7WZYx2V-xBq-1nTc_r4f4dFK7lWxPGljBj4E49BhFl9OABQm6dKOUcvCOUIAAEUeGcAnCXG5c7JBLz_gDdDzes:1rZOvE:wmH_36UKeQGNBJZI2LyoVFxi9K6_VcXsYBZ4rij_ios','2024-02-26 05:32:04.175874'),('f3hker9ir0nkv8licev72on4i0k26uzu','.eJxVjEEOgjAQRe_StWmkDDOtS_ecgUxnWosaSCisjHdXEha6_e-9_zIDb2sZtpqWYVRzMY05_W6R5ZGmHeidp9tsZZ7WZYx2V-xBq-1nTc_r4f4dFK7lWxPGljBj4E49BhFl9OABQm6dKOUcvCOUIAAEUeGcAnCXG5c7JBLz_gDdDzes:1rYOlD:NS6PU9MG9XDFr2OJgdzLuD6fSRBGSTmmcv9SLMDZif4','2024-02-23 11:09:35.216518'),('f6qhslr86jtd6r5v1fkudxew0ciuh7a5','.eJxVjEEOgjAQRe_StWmkDDOtS_ecgUxnWosaSCisjHdXEha6_e-9_zIDb2sZtpqWYVRzMY05_W6R5ZGmHeidp9tsZZ7WZYx2V-xBq-1nTc_r4f4dFK7lWxPGljBj4E49BhFl9OABQm6dKOUcvCOUIAAEUeGcAnCXG5c7JBLz_gDdDzes:1rchmF:_w4rFR8AVYR7MHGQTp68hka1hnMjKxn2Zee-yESIDtA','2024-03-06 08:16:27.367261'),('flz8bmml2dvdx79qt9zprldket5w3f5p','.eJxVjDsOwjAQBe_iGln-x6Gkzxksr3eNA8iW4qRC3J1ESgHtzLz3ZiFuawlbpyXMyK5Msssvg5ieVA-Bj1jvjadW12UGfiT8tJ1PDel1O9u_gxJ72dfGGi0hIiWd0OvsvTeDsEjWiTR4SFaNPgO6rBCN2tGoSUkHkIXMYNjnC-teOD4:1rXKKB:DwOvkfMcKXzHkpR2ZdkO-ZahxLyogMRzqKdzU36EUHs','2024-02-20 12:13:15.629703'),('foi6meildlmkuoa66r7z3mvja9tjmdk6','.eJxVjEEOgkAMRe8yazMZxpYWl-45A2lniqAGEgZWxrsrCQvd_vfef7lOtnXotmJLN2Z3cZU7_W4q6WHTDvJdptvs0zyty6h-V_xBi2_nbM_r4f4dDFKGb903MSgxhVyBAgIFYAvEihEiRZS6oR7JTPWMLBBybT2mGiExk7B7fwC1sTb9:1rUMCa:QJ22TZtxJnNYnS8-pxYfrJi81Je5HST3PvgkNTu0A44','2024-02-12 07:37:08.472313'),('fyjl4o29ib0hvpck539y6wodgktgkxtf','.eJxVjEEOgjAQRe_StWmkDDOtS_ecgUxnWosaSCisjHdXEha6_e-9_zIDb2sZtpqWYVRzMY05_W6R5ZGmHeidp9tsZZ7WZYx2V-xBq-1nTc_r4f4dFK7lWxPGljBj4E49BhFl9OABQm6dKOUcvCOUIAAEUeGcAnCXG5c7JBLz_gDdDzes:1rZQ8L:mPE65wX7QEllLWXAYX3SS0zVtIAWOkjgivP_bPaIa6k','2024-02-26 06:49:41.507521'),('g9deuorjsrkxtza1ivals9zzgexil2v6','.eJxVjDkOwjAUBe_iGlnY8UpJzxmsvzg4gGwpTirE3UmkFNDOzHtvkWBdSlp7ntPE4iKUOP0yBHrmugt-QL03Sa0u84RyT-Rhu7w1zq_r0f4dFOhlW7vgtQs5QAw6sjdWxVGR8w6JkPhsA0e0TAB6cGys8X7jwQykxqgzis8X2R44Hw:1rUSwr:YflwC2PtTX2H3NWOBFB-wC3xI9qBeek2kIxQNaiQi-8','2024-02-12 14:49:21.234920'),('g9o2twe337guv605ab0u0u6bku76xxya','.eJxVjDsOwjAQBe_iGln-x6Gkzxksr3eNA8iW4qRC3J1ESgHtzLz3ZiFuawlbpyXMyK5Msssvg5ieVA-Bj1jvjadW12UGfiT8tJ1PDel1O9u_gxJ72dfGGi0hIiWd0OvsvTeDsEjWiTR4SFaNPgO6rBCN2tGoSUkHkIXMYNjnC-teOD4:1rVYcz:zmH1PEDXfCuObIEjyjihD4z8dnhSdIkDGMvBfXY2yug','2024-02-15 15:05:21.800435'),('gbhny4h4kkhdfoczolo5kjemj381cey1','.eJxVjEEOgjAQRe_StWmkDDOtS_ecgUxnWosaSCisjHdXEha6_e-9_zIDb2sZtpqWYVRzMY05_W6R5ZGmHeidp9tsZZ7WZYx2V-xBq-1nTc_r4f4dFK7lWxPGljBj4E49BhFl9OABQm6dKOUcvCOUIAAEUeGcAnCXG5c7JBLz_gDdDzes:1rchtS:35PhJ_0ZfAZ8tq98df0tjeSuyM3zbfvHf13U3-lPdbU','2024-03-06 08:23:54.800553'),('gq4ds03klu48ez2ynp1gzmwr7usaa1t5','.eJxVjEEOgjAQRe_StWmkDDOtS_ecgUxnWosaSCisjHdXEha6_e-9_zIDb2sZtpqWYVRzMY05_W6R5ZGmHeidp9tsZZ7WZYx2V-xBq-1nTc_r4f4dFK7lWxPGljBj4E49BhFl9OABQm6dKOUcvCOUIAAEUeGcAnCXG5c7JBLz_gDdDzes:1rZ3E1:ovsMFdCMDtbnKNNqhbbGaLmBDru4-FttSU74Az8YUP8','2024-02-25 06:22:01.931046'),('gtaaly3nlhw6pnf1v4kmhc14gfns8kx6','.eJxVjDsOwjAQBe_iGln-x6Gkzxksr3eNA8iW4qRC3J1ESgHtzLz3ZiFuawlbpyXMyK5Msssvg5ieVA-Bj1jvjadW12UGfiT8tJ1PDel1O9u_gxJ72dfGGi0hIiWd0OvsvTeDsEjWiTR4SFaNPgO6rBCN2tGoSUkHkIXMYNjnC-teOD4:1rVUs7:nx_BgyGb0hH2NyLU5IaBryiZ-JpKIYVUxMh1WjufBSc','2024-02-15 11:04:43.232698'),('gxpyzeogap2lq79sk0pfe27gg9940r70','.eJxVjDsOwjAQBe_iGln-x6Gkzxksr3eNA8iW4qRC3J1ESgHtzLz3ZiFuawlbpyXMyK5Msssvg5ieVA-Bj1jvjadW12UGfiT8tJ1PDel1O9u_gxJ72dfGGi0hIiWd0OvsvTeDsEjWiTR4SFaNPgO6rBCN2tGoSUkHkIXMYNjnC-teOD4:1rVTd0:i4359fnZYqesGSMnXJGqHHeKVZH46Zp_tohnviOUsxg','2024-02-15 09:45:02.992180'),('gzfkuorluckw2ue3uk07z2mf9c71s3cg','.eJxVjDsOwjAQBe_iGln-x6Gkzxksr3eNA8iW4qRC3J1ESgHtzLz3ZiFuawlbpyXMyK5Msssvg5ieVA-Bj1jvjadW12UGfiT8tJ1PDel1O9u_gxJ72dfGGi0hIiWd0OvsvTeDsEjWiTR4SFaNPgO6rBCN2tGoSUkHkIXMYNjnC-teOD4:1rVZad:tsvF9hPXIw7LXWRmG5HyVEolh6URHjp7iYTOypRz7Oo','2024-02-15 16:06:59.966766'),('h0haj5x1gggtbccdwyvbngux1teoknm5','.eJxVjDsOwjAQBe_iGln-x6Gkzxksr3eNA8iW4qRC3J1ESgHtzLz3ZiFuawlbpyXMyK5Msssvg5ieVA-Bj1jvjadW12UGfiT8tJ1PDel1O9u_gxJ72dfGGi0hIiWd0OvsvTeDsEjWiTR4SFaNPgO6rBCN2tGoSUkHkIXMYNjnC-teOD4:1rXgBo:jYO85vUPCUUsMfa-bYIIOBaRHJ3OGzoy5JXBeLmlJa8','2024-02-21 11:34:04.514418'),('hzwbxlkg97g3h4gpfha9wxv7jynumr9q','.eJxVjDsOwjAQBe_iGln-x6Gkzxksr3eNA8iW4qRC3J1ESgHtzLz3ZiFuawlbpyXMyK5Msssvg5ieVA-Bj1jvjadW12UGfiT8tJ1PDel1O9u_gxJ72dfGGi0hIiWd0OvsvTeDsEjWiTR4SFaNPgO6rBCN2tGoSUkHkIXMYNjnC-teOD4:1rVTaa:Z3IgeRQKxFvNr3CQ5ER97zzRsg0_3q6ClXfKrU18Fbc','2024-02-15 09:42:32.108451'),('icj8v710orrf7rfp11tpq5mtmrvaicyx','.eJxVjDsOwjAQBe_iGln-x6Gkzxksr3eNA8iW4qRC3J1ESgHtzLz3ZiFuawlbpyXMyK5Msssvg5ieVA-Bj1jvjadW12UGfiT8tJ1PDel1O9u_gxJ72dfGGi0hIiWd0OvsvTeDsEjWiTR4SFaNPgO6rBCN2tGoSUkHkIXMYNjnC-teOD4:1rWrrK:yWE15l3fFTbL3iLuGKGERZeB8msj1mGDj3Yu2miOKk8','2024-02-19 05:49:34.624752'),('ivmisdfw1n530idup8cmeica83c5nnfu','.eJxVjDsOwjAQBe_iGln-x6Gkzxksr3eNA8iW4qRC3J1ESgHtzLz3ZiFuawlbpyXMyK5Msssvg5ieVA-Bj1jvjadW12UGfiT8tJ1PDel1O9u_gxJ72dfGGi0hIiWd0OvsvTeDsEjWiTR4SFaNPgO6rBCN2tGoSUkHkIXMYNjnC-teOD4:1rXHSz:qfIsE4BI4rhZvMiSfamTthC4awLnYZRlHYEOepqSecU','2024-02-20 09:10:09.851958'),('j80bx92mt40gixbbss37agtt6fh04a2h','.eJxVjDsOwjAQBe_iGln-x6Gkzxksr3eNA8iW4qRC3J1ESgHtzLz3ZiFuawlbpyXMyK5Msssvg5ieVA-Bj1jvjadW12UGfiT8tJ1PDel1O9u_gxJ72dfGGi0hIiWd0OvsvTeDsEjWiTR4SFaNPgO6rBCN2tGoSUkHkIXMYNjnC-teOD4:1rXgi7:oQfhhDyAOk6PxSessEYsAXGhxXOP739yMLCtAeTg1w8','2024-02-21 12:07:27.075529'),('k4dh7chfr1b55m623q5k4m1fzn87j5y7','.eJxVjMsOwiAURP-FtSFAebp07zeQW-5FqgaS0q6M_64kXehy5pyZF4uwbyXunda4IDszyU6_3QzpQXUAvEO9NZ5a3dZl5kPhB-382pCel8P9OyjQy1hLDz4ZQcpaJyZQBr1FoVTOqJ1x1mQp8BuCRpyQdA4EQWdDyWWQlr0_4Z84dg:1rUhCx:HF1Ppgg5_0ePg44Wp1MSWCO7XssfJ9NYuwlWiSk43B0','2024-02-13 06:02:55.866823'),('k70yzh2jyex5i6bi1pa73c8hl5eqp9zu','.eJxVjDsOwjAQBe_iGln-x6Gkzxksr3eNA8iW4qRC3J1ESgHtzLz3ZiFuawlbpyXMyK5Msssvg5ieVA-Bj1jvjadW12UGfiT8tJ1PDel1O9u_gxJ72dfGGi0hIiWd0OvsvTeDsEjWiTR4SFaNPgO6rBCN2tGoSUkHkIXMYNjnC-teOD4:1rVTjV:N9sxZY0kITnYSIl5KJOWJdmi_03SYfQbsk-YGV-JDP0','2024-02-15 09:51:45.224366'),('ka77ppad39xj5slf6e5pnd7ohp0om0mi','.eJxVjEEOgjAQRe_StWmkDDOtS_ecgUxnWosaSCisjHdXEha6_e-9_zIDb2sZtpqWYVRzMY05_W6R5ZGmHeidp9tsZZ7WZYx2V-xBq-1nTc_r4f4dFK7lWxPGljBj4E49BhFl9OABQm6dKOUcvCOUIAAEUeGcAnCXG5c7JBLz_gDdDzes:1rYOKA:CZ0RmJNhRn0eNkTGmzydD_XfLBuDjeTbScVX-3K72HU','2024-02-23 10:41:38.906228'),('kaz2cx4l5vkrubeu1b4olq5uxel1x9ll','.eJxVjEEOgjAQRe_StWmkDDOtS_ecgUxnWosaSCisjHdXEha6_e-9_zIDb2sZtpqWYVRzMY05_W6R5ZGmHeidp9tsZZ7WZYx2V-xBq-1nTc_r4f4dFK7lWxPGljBj4E49BhFl9OABQm6dKOUcvCOUIAAEUeGcAnCXG5c7JBLz_gDdDzes:1rchpX:J2c65783ful-MXSQlVCqlM0XtIhueAg6uh11nz_e-RM','2024-03-06 08:19:51.473420'),('kp2o8bm8b0rabmledexz65yu9vtd2lmx','.eJxVjEEOgjAQRe_StWmkDDOtS_ecgUxnWosaSCisjHdXEha6_e-9_zIDb2sZtpqWYVRzMY05_W6R5ZGmHeidp9tsZZ7WZYx2V-xBq-1nTc_r4f4dFK7lWxPGljBj4E49BhFl9OABQm6dKOUcvCOUIAAEUeGcAnCXG5c7JBLz_gDdDzes:1rYPUa:3_fpNdH5J3HFLcm5sC2qoH6T1xu9eZsoimwUfkjdQC0','2024-02-23 11:56:28.813472'),('kuem7ex5hyhjb6926634czdaaruvjil6','.eJxVjDkOwjAUBe_iGlkxsb9tSvqcIfqbcQAlUpYKcXeIlALaNzPvZXrc1tpvi879IOZinDn9boT80HEHcsfxNlmexnUeyO6KPehiu0n0eT3cv4OKS_3WjYPUQNEQOMaSzygcGUJJBNFL25IDEioxo3qfQTS3hVkzlAiYPJv3B-phOI0:1rUSwr:wxJyBn_sxmgFqATHbVdiBjhufvC6hU59ckYEixlvHN4','2024-02-12 14:49:21.724082'),('kwemz7dvb24322gn91bbdxakc1cui5v3','.eJxVjEEOgjAQRe_StWmkDDOtS_ecgUxnWosaSCisjHdXEha6_e-9_zIDb2sZtpqWYVRzMY05_W6R5ZGmHeidp9tsZZ7WZYx2V-xBq-1nTc_r4f4dFK7lWxPGljBj4E49BhFl9OABQm6dKOUcvCOUIAAEUeGcAnCXG5c7JBLz_gDdDzes:1rd1Ig:3aA4Q5iyRbV7LaFrUijzFJ0wNAdP3zRwQ3HGBEHYUn0','2024-03-07 05:07:14.132443'),('kzfzjs8smopgm4ival34s6rxdymnxuwk','.eJxVjDsOwjAQBe_iGln-x6Gkzxksr3eNA8iW4qRC3J1ESgHtzLz3ZiFuawlbpyXMyK5Msssvg5ieVA-Bj1jvjadW12UGfiT8tJ1PDel1O9u_gxJ72dfGGi0hIiWd0OvsvTeDsEjWiTR4SFaNPgO6rBCN2tGoSUkHkIXMYNjnC-teOD4:1rXgNX:LgyzxI2DS2vFj1TdBdoQeCdHQQFlvXoZyatGv5iPd8w','2024-02-21 11:46:11.538155'),('l2boctnpa1rpe7naqyikmy6cu0z08f8c','.eJxVjDsOwyAQBe9CHSHA_Jwyvc-AdhcITiKQjF1FuXtsyUXSvpl5bxZgW0vYelrCHNmVSXb53RDomeoB4gPqvXFqdV1m5IfCT9r51GJ63U7376BAL3udKTqL5LQanfLWGumUzMrgkO3oBuETgo1aGG2U9wSYFewBCkxk0Fv2-QLOTzet:1rYMUm:rXVwrFkZaAEwwqNYIm9SenbLYV4fVCkDHJTvmolMVxM','2024-02-23 08:44:28.927193'),('l5whh72vabkotja4x17l2bmovln7s88w','.eJxVjEEOgjAQRe_StWmkDDOtS_ecgUxnWosaSCisjHdXEha6_e-9_zIDb2sZtpqWYVRzMY05_W6R5ZGmHeidp9tsZZ7WZYx2V-xBq-1nTc_r4f4dFK7lWxPGljBj4E49BhFl9OABQm6dKOUcvCOUIAAEUeGcAnCXG5c7JBLz_gDdDzes:1rYP3u:ncaUcnVrk__DvsBH2OBo9NGdftLEbJi4EtLEkzYVbMs','2024-02-23 11:28:54.406280'),('lb94ttimw19y7elj5ptn64u8n7lgks6u','.eJxVjEEOgjAQRe_StWmkDDOtS_ecgUxnWosaSCisjHdXEha6_e-9_zIDb2sZtpqWYVRzMY05_W6R5ZGmHeidp9tsZZ7WZYx2V-xBq-1nTc_r4f4dFK7lWxPGljBj4E49BhFl9OABQm6dKOUcvCOUIAAEUeGcAnCXG5c7JBLz_gDdDzes:1rYOiJ:LdfZqx2i7-gEo5yNqWOwTZQBl57viJIEPpzRHnaLrHI','2024-02-23 11:06:35.944257'),('lcsj3ak3sqnevg3gkxkb1ifa83fg2znm','.eJxVjEEOwiAQRe_C2pBSmMq4dN8zNMMMSNVAUtqV8e7apAvd_vfef6mJtjVPW4vLNIu6KKNOv1sgfsSyA7lTuVXNtazLHPSu6IM2PVaJz-vh_h1kavlbM6WIVoBBXITegyAa54ES25SsnDv07JB8YAmDBUaPEfzQmyCdc6LeHwFUOFY:1rStl5:ZkVIMlHbvltzwnjMu55cYJzv-QWC6c3ypeSi2uGTQWA','2024-02-08 07:02:43.371581'),('le3okaubu9ixgtjxq7naxhrni92eztc9','.eJxVjDsOwjAQBe_iGln-x6Gkzxksr3eNA8iW4qRC3J1ESgHtzLz3ZiFuawlbpyXMyK5Msssvg5ieVA-Bj1jvjadW12UGfiT8tJ1PDel1O9u_gxJ72dfGGi0hIiWd0OvsvTeDsEjWiTR4SFaNPgO6rBCN2tGoSUkHkIXMYNjnC-teOD4:1rXh4p:wYnzDPwtiUFx_RFAJt3_jaaw8TqlIN-cXfekzJEGMVA','2024-02-21 12:30:55.030282'),('lg9a0wmxn300x5xcz9myl3mgx13nobbi','.eJxVjDsOwjAQBe_iGln-x6Gkzxksr3eNA8iW4qRC3J1ESgHtzLz3ZiFuawlbpyXMyK5Msssvg5ieVA-Bj1jvjadW12UGfiT8tJ1PDel1O9u_gxJ72dfGGi0hIiWd0OvsvTeDsEjWiTR4SFaNPgO6rBCN2tGoSUkHkIXMYNjnC-teOD4:1rXgIU:X1_fUXQTpdDwRX9x3sLZv6Z63vTORu5DoxzT9hwtsMU','2024-02-21 11:40:58.820740'),('lgbyylgff3g77cvvc7s57xiqo558hs90','.eJxVjDsOwjAQBe_iGln-x6Gkzxksr3eNA8iW4qRC3J1ESgHtzLz3ZiFuawlbpyXMyK5Msssvg5ieVA-Bj1jvjadW12UGfiT8tJ1PDel1O9u_gxJ72dfGGi0hIiWd0OvsvTeDsEjWiTR4SFaNPgO6rBCN2tGoSUkHkIXMYNjnC-teOD4:1rVYuV:JVWwuB6sRlHDWsl-EP1lJBWfhttD0uX7MNOsdGXgaBY','2024-02-15 15:23:27.746082'),('lk2unzckh2bsin0j1fpn4oam82onzvze','.eJxVjDsOwjAQBe_iGln-x6Gkzxksr3eNA8iW4qRC3J1ESgHtzLz3ZiFuawlbpyXMyK5Msssvg5ieVA-Bj1jvjadW12UGfiT8tJ1PDel1O9u_gxJ72dfGGi0hIiWd0OvsvTeDsEjWiTR4SFaNPgO6rBCN2tGoSUkHkIXMYNjnC-teOD4:1rVZGR:1wBBkOw6bPUkAuiojGc-UVotrkz3uY9BPH2Bof9Nrls','2024-02-15 15:46:07.469404'),('m3779c2mkpp7t5xkptmn4y2sg6zfy8gn','.eJxVjEEOgjAQRe_StWmkDDOtS_ecgUxnWosaSCisjHdXEha6_e-9_zIDb2sZtpqWYVRzMY05_W6R5ZGmHeidp9tsZZ7WZYx2V-xBq-1nTc_r4f4dFK7lWxPGljBj4E49BhFl9OABQm6dKOUcvCOUIAAEUeGcAnCXG5c7JBLz_gDdDzes:1rYOza:cQUxP9B0ZfdLUetujAIs0YWJK-wcYhKfuKil_1Sp4qA','2024-02-23 11:24:26.072823'),('m8461d59j7isg6ky8ex6v1n998eflaaw','.eJxVjDsOwjAQBe_iGln-x6Gkzxksr3eNA8iW4qRC3J1ESgHtzLz3ZiFuawlbpyXMyK5Msssvg5ieVA-Bj1jvjadW12UGfiT8tJ1PDel1O9u_gxJ72dfGGi0hIiWd0OvsvTeDsEjWiTR4SFaNPgO6rBCN2tGoSUkHkIXMYNjnC-teOD4:1rWvN6:lfWCMnjmp-x-BBWO3e66cvVwJqK4HCBbEaDSzPm81xE','2024-02-19 09:34:36.841585'),('mao2isq83qejlaxis2ld6s1k586ekwqj','.eJxVjDsOwjAQBe_iGln-x6Gkzxksr3eNA8iW4qRC3J1ESgHtzLz3ZiFuawlbpyXMyK5Msssvg5ieVA-Bj1jvjadW12UGfiT8tJ1PDel1O9u_gxJ72dfGGi0hIiWd0OvsvTeDsEjWiTR4SFaNPgO6rBCN2tGoSUkHkIXMYNjnC-teOD4:1rVVpB:AAJ4W27PEYhOfx4slxIMilikvgbrO4VY4Be-qjM6AFg','2024-02-15 12:05:45.419750'),('mubv79ac0ypxic62n8t990jm4c8olo7g','.eJxVjEEOgjAQRe_StWmkDDOtS_ecgUxnWosaSCisjHdXEha6_e-9_zIDb2sZtpqWYVRzMY05_W6R5ZGmHeidp9tsZZ7WZYx2V-xBq-1nTc_r4f4dFK7lWxPGljBj4E49BhFl9OABQm6dKOUcvCOUIAAEUeGcAnCXG5c7JBLz_gDdDzes:1rcfUP:kopNj-dv0yQTFp2DiPQI9j-nBmCL98wlCezhBFaC8oU','2024-03-06 05:49:53.033149'),('nyzon1m7dto06tztfd2hgjp4r9qcrjwo','.eJxVjDsOwjAQBe_iGln-x6Gkzxksr3eNA8iW4qRC3J1ESgHtzLz3ZiFuawlbpyXMyK5Msssvg5ieVA-Bj1jvjadW12UGfiT8tJ1PDel1O9u_gxJ72dfGGi0hIiWd0OvsvTeDsEjWiTR4SFaNPgO6rBCN2tGoSUkHkIXMYNjnC-teOD4:1rVVnK:FoMIo6pCK8w-GWmRluU0ISgS5f0hPyODATcnnWYvplQ','2024-02-15 12:03:50.255867'),('oaj5rxt16nqw5r0nb6qafh0m5vps09so','.eJxVjDsOwjAQBe_iGln-x6Gkzxksr3eNA8iW4qRC3J1ESgHtzLz3ZiFuawlbpyXMyK5Msssvg5ieVA-Bj1jvjadW12UGfiT8tJ1PDel1O9u_gxJ72dfGGi0hIiWd0OvsvTeDsEjWiTR4SFaNPgO6rBCN2tGoSUkHkIXMYNjnC-teOD4:1rXg1B:49EekGVNbxe3eEv_GvNCX_-C95F2hq0WV9ZiFmppg-w','2024-02-21 11:23:05.236555'),('okr52h8pi5xzulcnd118ov9trs2xqqgs','.eJxVjDsOwjAQBe_iGln-x6Gkzxksr3eNA8iW4qRC3J1ESgHtzLz3ZiFuawlbpyXMyK5Msssvg5ieVA-Bj1jvjadW12UGfiT8tJ1PDel1O9u_gxJ72dfGGi0hIiWd0OvsvTeDsEjWiTR4SFaNPgO6rBCN2tGoSUkHkIXMYNjnC-teOD4:1rWtFf:YDJgZrbwNOKUdVfTuroXQIri1OaXiahs553r2G6_vt4','2024-02-19 07:18:47.147620'),('okzynch9frdxmewrbg6c9iws49vrfddj','.eJxVjEEOgjAQRe_StWmkDDOtS_ecgUxnWosaSCisjHdXEha6_e-9_zIDb2sZtpqWYVRzMY05_W6R5ZGmHeidp9tsZZ7WZYx2V-xBq-1nTc_r4f4dFK7lWxPGljBj4E49BhFl9OABQm6dKOUcvCOUIAAEUeGcAnCXG5c7JBLz_gDdDzes:1rchjV:tgPAYs9qi-GA6k15eWho0Nmg1sUrB-4ZHXLFnM6GtMo','2024-03-06 08:13:37.338308'),('opwdkvgmj3k7u5bgkxn8fkm5d51hnjsj','.eJxVjDsOwyAQBe9CHSHA_Jwyvc-AdhcITiKQjF1FuXtsyUXSvpl5bxZgW0vYelrCHNmVSXb53RDomeoB4gPqvXFqdV1m5IfCT9r51GJ63U7376BAL3udKTqL5LQanfLWGumUzMrgkO3oBuETgo1aGG2U9wSYFewBCkxk0Fv2-QLOTzet:1rYN2Q:E65qU6Y3g5K-0B9XRGRv4_mTYgY6ObqCemRLJHQ0RYU','2024-02-23 09:19:14.818947'),('ovm61z0rvknxagpqldwt7sl6jdx85bdl','.eJxVjDsOwjAQBe_iGln-x6Gkzxksr3eNA8iW4qRC3J1ESgHtzLz3ZiFuawlbpyXMyK5Msssvg5ieVA-Bj1jvjadW12UGfiT8tJ1PDel1O9u_gxJ72dfGGi0hIiWd0OvsvTeDsEjWiTR4SFaNPgO6rBCN2tGoSUkHkIXMYNjnC-teOD4:1rVVN9:FUchGch5Hyb5DNZ-QBrkWFFDnMPeSIhE17f_43Nd8cw','2024-02-15 11:36:47.807556'),('ozswtvbdxlesxahdlnzdrs8zlxi59g76','.eJxVjEEOgjAQRe_StWmkDDOtS_ecgUxnWosaSCisjHdXEha6_e-9_zIDb2sZtpqWYVRzMY05_W6R5ZGmHeidp9tsZZ7WZYx2V-xBq-1nTc_r4f4dFK7lWxPGljBj4E49BhFl9OABQm6dKOUcvCOUIAAEUeGcAnCXG5c7JBLz_gDdDzes:1rd169:9bynBoP4Pnc8PNXlStD9takyok1BI7DteyG_ceCdKZs','2024-03-07 04:54:17.555115'),('pilsuym8x6p7baogot4bde6169ui7nsp','.eJxVjDsOwjAQBe_iGln-x6Gkzxksr3eNA8iW4qRC3J1ESgHtzLz3ZiFuawlbpyXMyK5Msssvg5ieVA-Bj1jvjadW12UGfiT8tJ1PDel1O9u_gxJ72dfGGi0hIiWd0OvsvTeDsEjWiTR4SFaNPgO6rBCN2tGoSUkHkIXMYNjnC-teOD4:1rVVnQ:5W7qQ9zN8kzln5NeZVUGmpk707LZiILIxMuUkNbyh2A','2024-02-15 12:03:56.637176'),('pmzs3knkcahsojy4htlifd2p3dmvcx8n','.eJxVjDsOwjAQBe_iGln-x6Gkzxksr3eNA8iW4qRC3J1ESgHtzLz3ZiFuawlbpyXMyK5Msssvg5ieVA-Bj1jvjadW12UGfiT8tJ1PDel1O9u_gxJ72dfGGi0hIiWd0OvsvTeDsEjWiTR4SFaNPgO6rBCN2tGoSUkHkIXMYNjnC-teOD4:1rVSSC:snLIjCMGlq9n3AVqt_lnKJ5srU7BX_W_fDBwsXZLFf0','2024-02-15 08:29:48.522627'),('pzg2y0fznt4uudnwmcc842vikonup050','.eJxVjDsOwjAQBe_iGln-x6Gkzxksr3eNA8iW4qRC3J1ESgHtzLz3ZiFuawlbpyXMyK5Msssvg5ieVA-Bj1jvjadW12UGfiT8tJ1PDel1O9u_gxJ72dfGGi0hIiWd0OvsvTeDsEjWiTR4SFaNPgO6rBCN2tGoSUkHkIXMYNjnC-teOD4:1rXdrx:rCwK5-BIYvtPQxUcivLoVKsXtVHaH_4JLiRI09XeU14','2024-02-21 09:05:25.426957'),('q2iafk8oywi9gktozpeil6tn3tdrgqe4','.eJxVjDsOwjAQBe_iGln-x6Gkzxksr3eNA8iW4qRC3J1ESgHtzLz3ZiFuawlbpyXMyK5Msssvg5ieVA-Bj1jvjadW12UGfiT8tJ1PDel1O9u_gxJ72dfGGi0hIiWd0OvsvTeDsEjWiTR4SFaNPgO6rBCN2tGoSUkHkIXMYNjnC-teOD4:1rWvLC:NtUp4_uWPo3uErROBwqynaEfQD81_-o5ufSjLAu2IEc','2024-02-19 09:32:38.213605'),('qxjqobndv8r08ujjzftta1cpalitdhnp','.eJxVjEEOgjAQRe_StWmkDDOtS_ecgUxnWosaSCisjHdXEha6_e-9_zIDb2sZtpqWYVRzMY05_W6R5ZGmHeidp9tsZZ7WZYx2V-xBq-1nTc_r4f4dFK7lWxPGljBj4E49BhFl9OABQm6dKOUcvCOUIAAEUeGcAnCXG5c7JBLz_gDdDzes:1rd1Dj:V0K2ebEzx97-umL6gWu0J1geysnXSvseF3De0E2FNRY','2024-03-07 05:02:07.398540'),('r9g5w6h9rg4m4ehm2192yc5mice2kbil','.eJxVjEEOgjAQRe_StWmkDDOtS_ecgUxnWosaSCisjHdXEha6_e-9_zIDb2sZtpqWYVRzMY05_W6R5ZGmHeidp9tsZZ7WZYx2V-xBq-1nTc_r4f4dFK7lWxPGljBj4E49BhFl9OABQm6dKOUcvCOUIAAEUeGcAnCXG5c7JBLz_gDdDzes:1rYOua:vULa3begt83N-_fLvRtGVzQBkJwnaRs49olWPiqiGV0','2024-02-23 11:19:16.890594'),('rn6l8etyql5c9vwkgprqrquelfr7cn2d','.eJxVjDsOwjAQBe_iGln-x6Gkzxksr3eNA8iW4qRC3J1ESgHtzLz3ZiFuawlbpyXMyK5Msssvg5ieVA-Bj1jvjadW12UGfiT8tJ1PDel1O9u_gxJ72dfGGi0hIiWd0OvsvTeDsEjWiTR4SFaNPgO6rBCN2tGoSUkHkIXMYNjnC-teOD4:1rVUrO:od5rJp0USPoBypA_PLygymmkhbTApaZFKfWrqVfxAMY','2024-02-15 11:03:58.351224'),('sivr4qpquloeb01sdzcot3daudblqbsu','.eJxVjDsOwjAQBe_iGln-x6Gkzxksr3eNA8iW4qRC3J1ESgHtzLz3ZiFuawlbpyXMyK5Msssvg5ieVA-Bj1jvjadW12UGfiT8tJ1PDel1O9u_gxJ72dfGGi0hIiWd0OvsvTeDsEjWiTR4SFaNPgO6rBCN2tGoSUkHkIXMYNjnC-teOD4:1rVZUL:9b3qWCeFE9irF0kwb6CpIHVmJSlDXc-uk-UO1-e6BPo','2024-02-15 16:00:29.180376'),('sp0hnxyhn5wltkwk2hegv1cabw3jk3me','.eJxVjEEOgjAQRe_StWmkDDOtS_ecgUxnWosaSCisjHdXEha6_e-9_zIDb2sZtpqWYVRzMY05_W6R5ZGmHeidp9tsZZ7WZYx2V-xBq-1nTc_r4f4dFK7lWxPGljBj4E49BhFl9OABQm6dKOUcvCOUIAAEUeGcAnCXG5c7JBLz_gDdDzes:1rYPt7:AHDP4r-uomv_JV0Nn8joOKzmMHqXY7_4KlnK8NI3WGA','2024-02-23 12:21:49.264568'),('sys0788ktgbsotb254m45v4b9etjdivf','.eJxVjDsOwjAQBe_iGln-x6Gkzxksr3eNA8iW4qRC3J1ESgHtzLz3ZiFuawlbpyXMyK5Msssvg5ieVA-Bj1jvjadW12UGfiT8tJ1PDel1O9u_gxJ72dfGGi0hIiWd0OvsvTeDsEjWiTR4SFaNPgO6rBCN2tGoSUkHkIXMYNjnC-teOD4:1rXgD1:12WnAqDTr23qm2Ua43ZS0UYMVZGt126wSRcY7-s9i6Q','2024-02-21 11:35:19.618042'),('tljc9l9xwdd2b8jwwbyp8j2fb1bpjg3m','.eJxVjDsOwjAQBe_iGln-x6Gkzxksr3eNA8iW4qRC3J1ESgHtzLz3ZiFuawlbpyXMyK5Msssvg5ieVA-Bj1jvjadW12UGfiT8tJ1PDel1O9u_gxJ72dfGGi0hIiWd0OvsvTeDsEjWiTR4SFaNPgO6rBCN2tGoSUkHkIXMYNjnC-teOD4:1rXF9Q:LGo4i03POOTfAX-xDcj-WliHDnuVMbjf_z5s9lLgz2Y','2024-02-20 06:41:48.027378'),('tvjwl74wdwumaiqbfj2n6oj0kmymkq3k','.eJxVjEEOwiAQRe_C2pBSmMq4dN8zNMMMSNVAUtqV8e7apAvd_vfef6mJtjVPW4vLNIu6KKNOv1sgfsSyA7lTuVXNtazLHPSu6IM2PVaJz-vh_h1kavlbM6WIVoBBXITegyAa54ES25SsnDv07JB8YAmDBUaPEfzQmyCdc6LeHwFUOFY:1rSubR:NyFs-VTaTCcsJ_JN4xnLrTiPz2MH64waQoCHiQS2KMc','2024-02-08 07:56:49.674793'),('tzk84vwusf2dynk3ouseqap3rwsm6wy0','.eJxVjDsOwjAQBe_iGln-x6Gkzxksr3eNA8iW4qRC3J1ESgHtzLz3ZiFuawlbpyXMyK5Msssvg5ieVA-Bj1jvjadW12UGfiT8tJ1PDel1O9u_gxJ72dfGGi0hIiWd0OvsvTeDsEjWiTR4SFaNPgO6rBCN2tGoSUkHkIXMYNjnC-teOD4:1rXgBf:3DUgbz8mZ45-rH7k9J7nOzp3josf_em_P0mnH__hTt8','2024-02-21 11:33:55.457554'),('u4es0p1l8vs9qldmsvm4uw2dlcxd9bv4','.eJxVjDsOwjAQBe_iGln-x6Gkzxksr3eNA8iW4qRC3J1ESgHtzLz3ZiFuawlbpyXMyK5Msssvg5ieVA-Bj1jvjadW12UGfiT8tJ1PDel1O9u_gxJ72dfGGi0hIiWd0OvsvTeDsEjWiTR4SFaNPgO6rBCN2tGoSUkHkIXMYNjnC-teOD4:1rVZ0j:F6ukbsOGns7SevLgk-a6DD2zAhg-cwODkQ1sLDJDI0I','2024-02-15 15:29:53.593148'),('uj42dw8nj5vf6ort1trryg8vwp5o9mpz','.eJxVjDsOwjAQBe_iGln-x6Gkzxksr3eNA8iW4qRC3J1ESgHtzLz3ZiFuawlbpyXMyK5Msssvg5ieVA-Bj1jvjadW12UGfiT8tJ1PDel1O9u_gxJ72dfGGi0hIiWd0OvsvTeDsEjWiTR4SFaNPgO6rBCN2tGoSUkHkIXMYNjnC-teOD4:1rXhIO:mHTUjmJIMsolfhUlybtc-NHYSdBtrhbaTN8zE9NisxM','2024-02-21 12:44:56.918891'),('uphxwl6wo5dbhtmxvr1yrjnh42wq6mz2','.eJxVjDsOwjAQBe_iGln-x6Gkzxksr3eNA8iW4qRC3J1ESgHtzLz3ZiFuawlbpyXMyK5Msssvg5ieVA-Bj1jvjadW12UGfiT8tJ1PDel1O9u_gxJ72dfGGi0hIiWd0OvsvTeDsEjWiTR4SFaNPgO6rBCN2tGoSUkHkIXMYNjnC-teOD4:1rXh3K:AADTYDa65F4m8-m2qqrUyT4w7dYYpjKg2F5llRKamwE','2024-02-21 12:29:22.132803'),('uz0oo7bwidq3mf0vzw253m8ta8leh8uq','.eJxVjDsOwjAQBe_iGln-x6Gkzxksr3eNA8iW4qRC3J1ESgHtzLz3ZiFuawlbpyXMyK5Msssvg5ieVA-Bj1jvjadW12UGfiT8tJ1PDel1O9u_gxJ72dfGGi0hIiWd0OvsvTeDsEjWiTR4SFaNPgO6rBCN2tGoSUkHkIXMYNjnC-teOD4:1rVYbS:nwig0sYUN74ejMFhETLy0lJTe8Ef1V3DI6Z6DGJmg7w','2024-02-15 15:03:46.292728'),('v5yw8dcr84wmbgedci24wczgdyjtmlle','.eJxVjDsOwjAQBe_iGln-x6Gkzxksr3eNA8iW4qRC3J1ESgHtzLz3ZiFuawlbpyXMyK5Msssvg5ieVA-Bj1jvjadW12UGfiT8tJ1PDel1O9u_gxJ72dfGGi0hIiWd0OvsvTeDsEjWiTR4SFaNPgO6rBCN2tGoSUkHkIXMYNjnC-teOD4:1rVSJu:gPAG5fkviKse4T7HZMFhyh9z_BPJyYuKmu9a7N1USwQ','2024-02-15 08:21:14.955816'),('vgj7wj2iyftylxpw5uqp93sdqm98u6me','.eJxVjDsOwjAQBe_iGln-x6Gkzxksr3eNA8iW4qRC3J1ESgHtzLz3ZiFuawlbpyXMyK5Msssvg5ieVA-Bj1jvjadW12UGfiT8tJ1PDel1O9u_gxJ72dfGGi0hIiWd0OvsvTeDsEjWiTR4SFaNPgO6rBCN2tGoSUkHkIXMYNjnC-teOD4:1rUhCy:d4_cZl-0QMOpUNLStigS53PIDb2rQ6FwIf6mq6ZVxMo','2024-02-13 06:02:56.903882'),('vh37ei55mxaibtag2xhvordzj14yuy3u','.eJxVjDsOwjAQBe_iGln-x6Gkzxksr3eNA8iW4qRC3J1ESgHtzLz3ZiFuawlbpyXMyK5Msssvg5ieVA-Bj1jvjadW12UGfiT8tJ1PDel1O9u_gxJ72dfGGi0hIiWd0OvsvTeDsEjWiTR4SFaNPgO6rBCN2tGoSUkHkIXMYNjnC-teOD4:1rXgMQ:dw9_nz0y0NBusg6lHagSyIbHXjxqmSjdk7mSLsVGOcw','2024-02-21 11:45:02.830848'),('vi11az77gh3lnsr2br9yhsq15isiuqmf','.eJxVjEEOgjAQRe_StWmkDDOtS_ecgUxnWosaSCisjHdXEha6_e-9_zIDb2sZtpqWYVRzMY05_W6R5ZGmHeidp9tsZZ7WZYx2V-xBq-1nTc_r4f4dFK7lWxPGljBj4E49BhFl9OABQm6dKOUcvCOUIAAEUeGcAnCXG5c7JBLz_gDdDzes:1rZOj6:a8BF9LyUojqiKUT1B02AHPb2aMyN1qXChDV63S1rkY8','2024-02-26 05:19:32.440016'),('vjc6vfl2lplsfc0ir1gk9fx4b4lzd071','.eJxVjEEOgjAQRe_StWmkDDOtS_ecgUxnWosaSCisjHdXEha6_e-9_zIDb2sZtpqWYVRzMY05_W6R5ZGmHeidp9tsZZ7WZYx2V-xBq-1nTc_r4f4dFK7lWxPGljBj4E49BhFl9OABQm6dKOUcvCOUIAAEUeGcAnCXG5c7JBLz_gDdDzes:1rYObC:dYe-EMq8x_h3iZirAm-5SYhKOZcoK2KEDtpSjzqh1vc','2024-02-23 10:59:14.435818'),('vpswrrnryz04tiqno5tiauu3npm9yrj9','.eJxVjDkOwjAUBe_iGlkxsb9tSvqcIfqbcQAlUpYKcXeIlALaNzPvZXrc1tpvi879IOZinDn9boT80HEHcsfxNlmexnUeyO6KPehiu0n0eT3cv4OKS_3WjYPUQNEQOMaSzygcGUJJBNFL25IDEioxo3qfQTS3hVkzlAiYPJv3B-phOI0:1rUT0v:hSW5oZrE-e7JXnF0SFlxEzAQsgt1tM2gKJ3bo56Bk9k','2024-02-12 14:53:33.081929'),('w0p87lvqqicu6on7p51lv5ziwubqct65','.eJxVjDsOwjAQBe_iGln-x6Gkzxksr3eNA8iW4qRC3J1ESgHtzLz3ZiFuawlbpyXMyK5Msssvg5ieVA-Bj1jvjadW12UGfiT8tJ1PDel1O9u_gxJ72dfGGi0hIiWd0OvsvTeDsEjWiTR4SFaNPgO6rBCN2tGoSUkHkIXMYNjnC-teOD4:1rXgQ6:yRopr6GYfCPKOnY0emlI3nWlGW9ESgCECg_EWsS4z34','2024-02-21 11:48:50.988528'),('w9bspb387kjx5oh2nwoy4glnrv82juhw','.eJxVjDsOwjAQBe_iGln-x6Gkzxksr3eNA8iW4qRC3J1ESgHtzLz3ZiFuawlbpyXMyK5Msssvg5ieVA-Bj1jvjadW12UGfiT8tJ1PDel1O9u_gxJ72dfGGi0hIiWd0OvsvTeDsEjWiTR4SFaNPgO6rBCN2tGoSUkHkIXMYNjnC-teOD4:1rXhDy:cSX-1uBGZSKjWAFafKq02UwBUvgG3jc8ZYJ8ljzL0J8','2024-02-21 12:40:22.007324'),('w9sb61m5h5ciqyxkp87casxlawga89rb','.eJxVjDsOwjAQBe_iGln-x6Gkzxksr3eNA8iW4qRC3J1ESgHtzLz3ZiFuawlbpyXMyK5Msssvg5ieVA-Bj1jvjadW12UGfiT8tJ1PDel1O9u_gxJ72dfGGi0hIiWd0OvsvTeDsEjWiTR4SFaNPgO6rBCN2tGoSUkHkIXMYNjnC-teOD4:1rXgIC:Hm6BF3dd2NRQHbMGjSC83ds-DS_d2qmD-T5_OvmCBqM','2024-02-21 11:40:40.937337'),('wgpfcf1dpxfji6vxntxq7ftvddbzrq77','.eJxVjDsOwjAQBe_iGln-x6Gkzxksr3eNA8iW4qRC3J1ESgHtzLz3ZiFuawlbpyXMyK5Msssvg5ieVA-Bj1jvjadW12UGfiT8tJ1PDel1O9u_gxJ72dfGGi0hIiWd0OvsvTeDsEjWiTR4SFaNPgO6rBCN2tGoSUkHkIXMYNjnC-teOD4:1rXKZW:XXpM0q6cTb-2mjHPEbch_GDc5qau-r1i7uZ1fmtYvt4','2024-02-20 12:29:06.386085'),('x5szrfipaho0orcaydz3lxt1vrgfc2uo','.eJxVjDsOwjAQBe_iGln-x6Gkzxksr3eNA8iW4qRC3J1ESgHtzLz3ZiFuawlbpyXMyK5Msssvg5ieVA-Bj1jvjadW12UGfiT8tJ1PDel1O9u_gxJ72dfGGi0hIiWd0OvsvTeDsEjWiTR4SFaNPgO6rBCN2tGoSUkHkIXMYNjnC-teOD4:1rXgI4:7iMjrE_dhIk3-U9DDTV6V8G5ff-TB1ttcouvjuSK44I','2024-02-21 11:40:32.247059'),('xop6rlu5gh6igk9d3srvsdnfass3slyx','.eJxVjDsOwjAQBe_iGln-x6Gkzxksr3eNA8iW4qRC3J1ESgHtzLz3ZiFuawlbpyXMyK5Msssvg5ieVA-Bj1jvjadW12UGfiT8tJ1PDel1O9u_gxJ72dfGGi0hIiWd0OvsvTeDsEjWiTR4SFaNPgO6rBCN2tGoSUkHkIXMYNjnC-teOD4:1rVTa7:uXp4ah9IwL8j6f6rLNvLlXdVD6eF-IE_5_26RfpV3hs','2024-02-15 09:42:03.377650'),('xt3kwwc4od6fmoqngch1jbjz69dirda2','.eJxVjDsOwjAQBe_iGln-x6Gkzxksr3eNA8iW4qRC3J1ESgHtzLz3ZiFuawlbpyXMyK5Msssvg5ieVA-Bj1jvjadW12UGfiT8tJ1PDel1O9u_gxJ72dfGGi0hIiWd0OvsvTeDsEjWiTR4SFaNPgO6rBCN2tGoSUkHkIXMYNjnC-teOD4:1rXg7c:frgdEyZu1bAORvGxdNw9ZhQjiPIyvqmnMuIvfG3womE','2024-02-21 11:29:44.195243'),('xttvujflywwnwk6wyihyqzkb47f8dzuy','.eJxVjDsOwjAQBe_iGln-x6Gkzxksr3eNA8iW4qRC3J1ESgHtzLz3ZiFuawlbpyXMyK5Msssvg5ieVA-Bj1jvjadW12UGfiT8tJ1PDel1O9u_gxJ72dfGGi0hIiWd0OvsvTeDsEjWiTR4SFaNPgO6rBCN2tGoSUkHkIXMYNjnC-teOD4:1rVTiD:XpnZO3KEiIJTcQ3GABRIu21Q97dIKQOoU-XfCMUrKPg','2024-02-15 09:50:25.892443'),('xv0x9alsnyivddwfg0pi9s3vkk0giqjb','.eJxVjDsOwjAQBe_iGln-x6Gkzxksr3eNA8iW4qRC3J1ESgHtzLz3ZiFuawlbpyXMyK5Msssvg5ieVA-Bj1jvjadW12UGfiT8tJ1PDel1O9u_gxJ72dfGGi0hIiWd0OvsvTeDsEjWiTR4SFaNPgO6rBCN2tGoSUkHkIXMYNjnC-teOD4:1rVYmX:T0AOWjPXPP9BhAkCLK-lIcfCWHk_sZRoZIbILZaL4Z8','2024-02-15 15:15:13.315217'),('y3mgiofv7mpsd4tbs6dac7raak2wi2jf','.eJxVjDsOwjAQBe_iGln-x6Gkzxksr3eNA8iW4qRC3J1ESgHtzLz3ZiFuawlbpyXMyK5Msssvg5ieVA-Bj1jvjadW12UGfiT8tJ1PDel1O9u_gxJ72dfGGi0hIiWd0OvsvTeDsEjWiTR4SFaNPgO6rBCN2tGoSUkHkIXMYNjnC-teOD4:1rVVSB:K_EsZGwPu2xEmRGKkiplK8O1yC6M8RGgqFan6No8bi0','2024-02-15 11:41:59.143701'),('y5fwy7m1y37p7umqd6jblxya5ukazbwu','.eJxVjEEOgjAQRe_StWmkDDOtS_ecgUxnWosaSCisjHdXEha6_e-9_zIDb2sZtpqWYVRzMY05_W6R5ZGmHeidp9tsZZ7WZYx2V-xBq-1nTc_r4f4dFK7lWxPGljBj4E49BhFl9OABQm6dKOUcvCOUIAAEUeGcAnCXG5c7JBLz_gDdDzes:1rcgIA:UM5KZQu5VsWvUbAIgTPcyyDKEB7Fp74TdWc2iiYLLaA','2024-03-06 06:41:18.692353'),('ybfh237495clnfo06de3ye1ttkdsj5t8','.eJxVjEEOwiAQRe_C2pBSmMq4dN8zNMMMSNVAUtqV8e7apAvd_vfef6mJtjVPW4vLNIu6KKNOv1sgfsSyA7lTuVXNtazLHPSu6IM2PVaJz-vh_h1kavlbM6WIVoBBXITegyAa54ES25SsnDv07JB8YAmDBUaPEfzQmyCdc6LeHwFUOFY:1rSuM6:pTzPGHKFjO1rrV-gD0XA5DwBLKWUGFLPo3E1-GQY8eQ','2024-02-08 07:40:58.471603'),('ymz7zumhp941pbvz3krvbm4g6kob98o3','.eJxVjDsOwjAQBe_iGln-x6Gkzxksr3eNA8iW4qRC3J1ESgHtzLz3ZiFuawlbpyXMyK5Msssvg5ieVA-Bj1jvjadW12UGfiT8tJ1PDel1O9u_gxJ72dfGGi0hIiWd0OvsvTeDsEjWiTR4SFaNPgO6rBCN2tGoSUkHkIXMYNjnC-teOD4:1rXgWp:IzofO-yXBKM9D91aCwgEYxsiy1nyLaf5UXSjBT1bZZg','2024-02-21 11:55:47.784866'),('z30b4t9fri1ojpv6jb8oiyb0ueh71m8y','.eJxVjDsOwjAQBe_iGln-x6Gkzxksr3eNA8iW4qRC3J1ESgHtzLz3ZiFuawlbpyXMyK5Msssvg5ieVA-Bj1jvjadW12UGfiT8tJ1PDel1O9u_gxJ72dfGGi0hIiWd0OvsvTeDsEjWiTR4SFaNPgO6rBCN2tGoSUkHkIXMYNjnC-teOD4:1rVVSl:Z-B8gdKeOr6tEBRJOA_EzAJMBKSE4Hp7L4FBuHSEqXU','2024-02-15 11:42:35.971674'),('zfqcx3pvbsf6ny595crtns9xefkgt3df','.eJxVjEEOgjAQRe_StWmkDDOtS_ecgUxnWosaSCisjHdXEha6_e-9_zIDb2sZtpqWYVRzMY05_W6R5ZGmHeidp9tsZZ7WZYx2V-xBq-1nTc_r4f4dFK7lWxPGljBj4E49BhFl9OABQm6dKOUcvCOUIAAEUeGcAnCXG5c7JBLz_gDdDzes:1rYOEv:_cv8qBXgkgS94e0w2tNo14IDmU9y2koq2Qw0KwPaRvQ','2024-02-23 10:36:13.788560'),('zqxzbh2vhlgphrrxyo5dyyuzts7slwxq','.eJxVjDsOwjAQBe_iGln-x6Gkzxksr3eNA8iW4qRC3J1ESgHtzLz3ZiFuawlbpyXMyK5Msssvg5ieVA-Bj1jvjadW12UGfiT8tJ1PDel1O9u_gxJ72dfGGi0hIiWd0OvsvTeDsEjWiTR4SFaNPgO6rBCN2tGoSUkHkIXMYNjnC-teOD4:1rUhTE:mc-FCKnVqnjDKd2X0gfoVMUKKRszp1d_ObBYXR5bw6Q','2024-02-13 06:19:44.974746'),('zt927fxh098cosb6dnah6ejkccxmy9c9','.eJxVjDsOwjAQBe_iGln-x6Gkzxksr3eNA8iW4qRC3J1ESgHtzLz3ZiFuawlbpyXMyK5Msssvg5ieVA-Bj1jvjadW12UGfiT8tJ1PDel1O9u_gxJ72dfGGi0hIiWd0OvsvTeDsEjWiTR4SFaNPgO6rBCN2tGoSUkHkIXMYNjnC-teOD4:1rXgFh:w7oYtwMr8W-36xo3UisNGSMBH8DDa1ccn07hE9ChHW8','2024-02-21 11:38:05.876840'),('zwjv1adl0r7bf11bnluki45768bhivll','.eJxVjDsOwjAQBe_iGln-x6Gkzxksr3eNA8iW4qRC3J1ESgHtzLz3ZiFuawlbpyXMyK5Msssvg5ieVA-Bj1jvjadW12UGfiT8tJ1PDel1O9u_gxJ72dfGGi0hIiWd0OvsvTeDsEjWiTR4SFaNPgO6rBCN2tGoSUkHkIXMYNjnC-teOD4:1rVZBh:fyvJXKY-FqTHkeOU-xDC_yUqBUKa0dsrh1K1atDkLlg','2024-02-15 15:41:13.841382');
/*!40000 ALTER TABLE `django_session` ENABLE KEYS */;
UNLOCK TABLES;

--
-- Table structure for table `mainapp_appuser`
--

DROP TABLE IF EXISTS `mainapp_appuser`;
/*!40101 SET @saved_cs_client     = @@character_set_client */;
/*!50503 SET character_set_client = utf8mb4 */;
CREATE TABLE `mainapp_appuser` (
  `password` varchar(128) NOT NULL,
  `last_login` datetime(6) DEFAULT NULL,
  `is_superuser` tinyint(1) NOT NULL,
  `user_id` int NOT NULL AUTO_INCREMENT,
  `email` varchar(50) NOT NULL,
  `username` varchar(50) NOT NULL,
  PRIMARY KEY (`user_id`),
  UNIQUE KEY `email` (`email`)
) ENGINE=InnoDB AUTO_INCREMENT=3 DEFAULT CHARSET=utf8mb4 COLLATE=utf8mb4_0900_ai_ci;
/*!40101 SET character_set_client = @saved_cs_client */;

--
-- Dumping data for table `mainapp_appuser`
--

LOCK TABLES `mainapp_appuser` WRITE;
/*!40000 ALTER TABLE `mainapp_appuser` DISABLE KEYS */;
INSERT INTO `mainapp_appuser` VALUES ('pbkdf2_sha256$720000$glGhnWzI2HTzKGL7OWnxVA$uGQJ/bXx+a1LJEBsPB4f6X8/IhJ8LD6fvX/OuqL+PkI=','2024-02-22 05:07:14.127417',0,1,'t@t.com','tester'),('pbkdf2_sha256$600000$bdGq7h8yRfMmQEah6L2MMX$IZS3H+7ku/mYrfbQOrLsxoTpKMYaU4YYiqNYntLwWnU=','2024-01-25 07:03:23.076298',0,2,'v@v.com','admin');
/*!40000 ALTER TABLE `mainapp_appuser` ENABLE KEYS */;
UNLOCK TABLES;

--
-- Table structure for table `mainapp_appuser_groups`
--

DROP TABLE IF EXISTS `mainapp_appuser_groups`;
/*!40101 SET @saved_cs_client     = @@character_set_client */;
/*!50503 SET character_set_client = utf8mb4 */;
CREATE TABLE `mainapp_appuser_groups` (
  `id` bigint NOT NULL AUTO_INCREMENT,
  `appuser_id` int NOT NULL,
  `group_id` int NOT NULL,
  PRIMARY KEY (`id`),
  UNIQUE KEY `mainApp_appuser_groups_appuser_id_group_id_27afdb63_uniq` (`appuser_id`,`group_id`),
  KEY `mainApp_appuser_groups_group_id_d145510c_fk_auth_group_id` (`group_id`),
  CONSTRAINT `mainApp_appuser_grou_appuser_id_98e66b29_fk_mainApp_a` FOREIGN KEY (`appuser_id`) REFERENCES `mainapp_appuser` (`user_id`),
  CONSTRAINT `mainApp_appuser_groups_group_id_d145510c_fk_auth_group_id` FOREIGN KEY (`group_id`) REFERENCES `auth_group` (`id`)
) ENGINE=InnoDB DEFAULT CHARSET=utf8mb4 COLLATE=utf8mb4_0900_ai_ci;
/*!40101 SET character_set_client = @saved_cs_client */;

--
-- Dumping data for table `mainapp_appuser_groups`
--

LOCK TABLES `mainapp_appuser_groups` WRITE;
/*!40000 ALTER TABLE `mainapp_appuser_groups` DISABLE KEYS */;
/*!40000 ALTER TABLE `mainapp_appuser_groups` ENABLE KEYS */;
UNLOCK TABLES;

--
-- Table structure for table `mainapp_appuser_user_permissions`
--

DROP TABLE IF EXISTS `mainapp_appuser_user_permissions`;
/*!40101 SET @saved_cs_client     = @@character_set_client */;
/*!50503 SET character_set_client = utf8mb4 */;
CREATE TABLE `mainapp_appuser_user_permissions` (
  `id` bigint NOT NULL AUTO_INCREMENT,
  `appuser_id` int NOT NULL,
  `permission_id` int NOT NULL,
  PRIMARY KEY (`id`),
  UNIQUE KEY `mainApp_appuser_user_per_appuser_id_permission_id_6d7754bc_uniq` (`appuser_id`,`permission_id`),
  KEY `mainApp_appuser_user_permission_id_77af13e1_fk_auth_perm` (`permission_id`),
  CONSTRAINT `mainApp_appuser_user_appuser_id_e6f66344_fk_mainApp_a` FOREIGN KEY (`appuser_id`) REFERENCES `mainapp_appuser` (`user_id`),
  CONSTRAINT `mainApp_appuser_user_permission_id_77af13e1_fk_auth_perm` FOREIGN KEY (`permission_id`) REFERENCES `auth_permission` (`id`)
) ENGINE=InnoDB DEFAULT CHARSET=utf8mb4 COLLATE=utf8mb4_0900_ai_ci;
/*!40101 SET character_set_client = @saved_cs_client */;

--
-- Dumping data for table `mainapp_appuser_user_permissions`
--

LOCK TABLES `mainapp_appuser_user_permissions` WRITE;
/*!40000 ALTER TABLE `mainapp_appuser_user_permissions` DISABLE KEYS */;
/*!40000 ALTER TABLE `mainapp_appuser_user_permissions` ENABLE KEYS */;
UNLOCK TABLES;

--
-- Table structure for table `mainapp_nodes`
--

DROP TABLE IF EXISTS `mainapp_nodes`;
/*!40101 SET @saved_cs_client     = @@character_set_client */;
/*!50503 SET character_set_client = utf8mb4 */;
CREATE TABLE `mainapp_nodes` (
  `Id` int NOT NULL AUTO_INCREMENT,
  `Ip` varchar(50) NOT NULL,
  `Username` varchar(50) NOT NULL,
  `Password` varchar(50) NOT NULL,
  `OS` varchar(30) NOT NULL,
  `SysoId` varchar(25) NOT NULL,
  `Node_type` varchar(20) NOT NULL,
  `Fake_ip` varchar(50) NOT NULL,
  `Live` smallint NOT NULL,
  `ParentId` int NOT NULL,
  `is_Intermediate` smallint NOT NULL,
  `is_Banned` smallint NOT NULL,
  `Operator` varchar(50) NOT NULL,
  `ServerName` varchar(10) NOT NULL,
  `HostName` varchar(10) NOT NULL,
  `Circle` varchar(100) NOT NULL,
  `Status` varchar(50) NOT NULL,
  `Comment` varchar(500) NOT NULL,
  `Cygwin_Version` varchar(50) NOT NULL,
  `Transfer_Status` varchar(500) NOT NULL,
  `Installation_Status` varchar(500) NOT NULL,
  `Time_Sync` smallint NOT NULL,
  `Key_Enabled` int NOT NULL,
  PRIMARY KEY (`Id`),
  UNIQUE KEY `Fake_ip` (`Fake_ip`)
) ENGINE=InnoDB AUTO_INCREMENT=17 DEFAULT CHARSET=utf8mb4 COLLATE=utf8mb4_0900_ai_ci;
/*!40101 SET character_set_client = @saved_cs_client */;

--
-- Dumping data for table `mainapp_nodes`
--

LOCK TABLES `mainapp_nodes` WRITE;
/*!40000 ALTER TABLE `mainapp_nodes` DISABLE KEYS */;
INSERT INTO `mainapp_nodes` VALUES (1,'127.0.0.1','vodafone','Vodaf0n3','CentOS8','','unix','172.16.151.2',1,1,1,0,'','','DB','DL','','','','','',0,89),(5,'127.0.0.2','vodafone','xyz','CentOS8','Test','unix','172.16.151.3',1,1,1,0,'','Test','DB','DL','Test','Test','Test','Test','Test',1,90),(6,'127.0.0.2','vodafone','test','CentOS8','Test','unix','172.16.151.4',1,1,1,0,'','Test','DB','DL','Test','Test\n','Test','Test','Test',1,91),(7,'127.0.0.2','vodafone','test','CentOS8','Test','unix','172.16.151.5',1,1,1,0,'','Test','DB','DL','Test','Test','Test','Test','Test',1,91),(8,'127.0.0.2','vodafone','test','CentOS8','Test','unix','172.16.151.6',1,1,1,0,'','Test','DB','DL','Test','Test','Test','Test','Test',1,92),(9,'127.0.0.2','vodafone','test','CentOS8','Test','unix','172.16.151.7',1,11,1,0,'','Test','DB','DL','Test','Test','Test','Test','Test',1,1),(10,'127.0.0.2','vodafone','test','CentOS8','Test','unix','172.16.151.8',1,1,1,0,'','Test','DB','DL','Test','Test','Test','Test','Test',1,78),(11,'127.0.0.2','vodafone','test','CentOS8','Test','unix','172.16.151.9',1,1,1,0,'','Test','DB','DL','Test','Test','Test','Test','Test',1,89),(12,'127.0.0.2','vodafone','test','CentOS8','Test','unix','172.16.151.0',1,1,1,-1,'','Test','DB','DL','Test','Test','Test','Test','Test',10,104),(14,'127.0.0.2','vodafone','test','CentOS8','Test','unix','172.16.151.11',1,1,1,0,'','Test','DB','DL','Test','Test','Test','Test','Test',1,99),(15,'127.0.0.2','vodafone','test','CentOS8','Test','unix','172.16.151.12',1,1,1,0,'','Test','DB','DL','Test','Test','Test','Test','Test',1,90),(16,'127.0.0.2','vodafone','test','Test1','Test','unix','172.16.151.13',1,1,1,0,'','Test','DB','DL','Test','test','Test','test','test',1,12);
/*!40000 ALTER TABLE `mainapp_nodes` ENABLE KEYS */;
UNLOCK TABLES;

--
-- Table structure for table `mainapp_ports`
--

DROP TABLE IF EXISTS `mainapp_ports`;
/*!40101 SET @saved_cs_client     = @@character_set_client */;
/*!50503 SET character_set_client = utf8mb4 */;
CREATE TABLE `mainapp_ports` (
  `TunnleId` int NOT NULL AUTO_INCREMENT,
  `NodeId` int DEFAULT NULL,
  `RemotePort` int DEFAULT NULL,
  `LocalPort` int DEFAULT NULL,
  `Direction` varchar(100) DEFAULT NULL,
  `SocketPath` varchar(100) DEFAULT NULL,
  `Status` varchar(50) DEFAULT NULL,
  `Comment` varchar(2000) DEFAULT NULL,
  PRIMARY KEY (`TunnleId`),
  KEY `NodeId` (`NodeId`),
  CONSTRAINT `mainapp_ports_ibfk_1` FOREIGN KEY (`NodeId`) REFERENCES `mainapp_nodes` (`Id`)
) ENGINE=InnoDB AUTO_INCREMENT=8 DEFAULT CHARSET=utf8mb4 COLLATE=utf8mb4_0900_ai_ci;
/*!40101 SET character_set_client = @saved_cs_client */;

--
-- Dumping data for table `mainapp_ports`
--

LOCK TABLES `mainapp_ports` WRITE;
/*!40000 ALTER TABLE `mainapp_ports` DISABLE KEYS */;
INSERT INTO `mainapp_ports` VALUES (1,6,23,23,'f','test','test','test'),(2,7,23,23,'Forward','test','test','test'),(3,7,23,23,'Forward','test','test','test'),(4,7,22,22,'Forward','test1, test2, test3','Test','Test'),(5,14,12,12,'Forward','test','Test','test'),(6,16,23,23,'Forward','test','test','test'),(7,16,23,23,'Reverse','test','Test','test');
/*!40000 ALTER TABLE `mainapp_ports` ENABLE KEYS */;
UNLOCK TABLES;

--
-- Table structure for table `mainapp_test`
--

DROP TABLE IF EXISTS `mainapp_test`;
/*!40101 SET @saved_cs_client     = @@character_set_client */;
/*!50503 SET character_set_client = utf8mb4 */;
CREATE TABLE `mainapp_test` (
  `Id` int NOT NULL AUTO_INCREMENT,
  `Username` varchar(50) NOT NULL,
  `Fname` varchar(50) NOT NULL,
  PRIMARY KEY (`Id`)
) ENGINE=InnoDB AUTO_INCREMENT=4 DEFAULT CHARSET=utf8mb4 COLLATE=utf8mb4_0900_ai_ci;
/*!40101 SET character_set_client = @saved_cs_client */;

--
-- Dumping data for table `mainapp_test`
--

LOCK TABLES `mainapp_test` WRITE;
/*!40000 ALTER TABLE `mainapp_test` DISABLE KEYS */;
INSERT INTO `mainapp_test` VALUES (1,'admin','Vatsal'),(2,'vxts7781','adverse'),(3,'admin','Vatsal');
/*!40000 ALTER TABLE `mainapp_test` ENABLE KEYS */;
UNLOCK TABLES;

--
-- Table structure for table `nodes`
--

DROP TABLE IF EXISTS `nodes`;
/*!40101 SET @saved_cs_client     = @@character_set_client */;
/*!50503 SET character_set_client = utf8mb4 */;
CREATE TABLE `nodes` (
  `id` int NOT NULL AUTO_INCREMENT,
  `ip` varchar(50) NOT NULL,
  `username` varchar(50) NOT NULL,
  `password` varchar(50) NOT NULL,
  `os` varchar(30) NOT NULL,
  `sysoid` varchar(25) NOT NULL,
  `node_type` varchar(20) NOT NULL,
  `fake_ip` varchar(50) NOT NULL,
  `live` tinyint(1) NOT NULL DEFAULT '0',
  `parent_id` int NOT NULL,
  `is_intermediate` tinyint NOT NULL DEFAULT '0',
  `is_banned` tinyint NOT NULL DEFAULT '0',
  `operator` varchar(50) NOT NULL,
  `server_name` varchar(10) NOT NULL DEFAULT '',
  `hostname` varchar(50) NOT NULL,
  `circle` varchar(100) NOT NULL,
  `status` varchar(50) NOT NULL,
  `comment` varchar(500) NOT NULL,
  `cygwin_version` varchar(50) NOT NULL,
  `transfer_status` varchar(500) NOT NULL,
  `installation_status` varchar(500) NOT NULL,
  `time_sync` tinyint DEFAULT '0',
  `key_enabled` int DEFAULT NULL,
  PRIMARY KEY (`id`),
  UNIQUE KEY `fake_ip_UNIQUE` (`fake_ip`)
) ENGINE=MyISAM AUTO_INCREMENT=1838 DEFAULT CHARSET=utf8mb3;
/*!40101 SET character_set_client = @saved_cs_client */;

--
-- Dumping data for table `nodes`
--

LOCK TABLES `nodes` WRITE;
/*!40000 ALTER TABLE `nodes` DISABLE KEYS */;
/*!40000 ALTER TABLE `nodes` ENABLE KEYS */;
UNLOCK TABLES;

--
-- Table structure for table `ports`
--

DROP TABLE IF EXISTS `ports`;
/*!40101 SET @saved_cs_client     = @@character_set_client */;
/*!50503 SET character_set_client = utf8mb4 */;
CREATE TABLE `ports` (
  `tunnel_id` int NOT NULL AUTO_INCREMENT,
  `node_id` int NOT NULL,
  `remote_port` int NOT NULL,
  `local_port` int NOT NULL,
  `direction` enum('forward','reverse') NOT NULL DEFAULT 'forward',
  `socket_path` varchar(100) NOT NULL,
  `status` varchar(50) NOT NULL,
  `comment` varchar(2000) NOT NULL,
  PRIMARY KEY (`tunnel_id`),
  KEY `node_id` (`node_id`)
) ENGINE=MyISAM AUTO_INCREMENT=11258 DEFAULT CHARSET=utf8mb3;
/*!40101 SET character_set_client = @saved_cs_client */;

--
-- Dumping data for table `ports`
--

LOCK TABLES `ports` WRITE;
/*!40000 ALTER TABLE `ports` DISABLE KEYS */;
/*!40000 ALTER TABLE `ports` ENABLE KEYS */;
UNLOCK TABLES;
/*!40103 SET TIME_ZONE=@OLD_TIME_ZONE */;

/*!40101 SET SQL_MODE=@OLD_SQL_MODE */;
/*!40014 SET FOREIGN_KEY_CHECKS=@OLD_FOREIGN_KEY_CHECKS */;
/*!40014 SET UNIQUE_CHECKS=@OLD_UNIQUE_CHECKS */;
/*!40101 SET CHARACTER_SET_CLIENT=@OLD_CHARACTER_SET_CLIENT */;
/*!40101 SET CHARACTER_SET_RESULTS=@OLD_CHARACTER_SET_RESULTS */;
/*!40101 SET COLLATION_CONNECTION=@OLD_COLLATION_CONNECTION */;
/*!40111 SET SQL_NOTES=@OLD_SQL_NOTES */;

-- Dump completed on 2024-02-22 10:55:32
